X,Y,Z,Bx,By,Bz,B_norm
-0.8,-0.8,0.0,2.4350015959099357e-06,7.000491118192452e-06,4.579396862876207e-07,7.42602298840049e-06
-0.8,-0.7000000000000001,0.0,4.328818986477458e-06,8.143198210852421e-06,4.826446109441121e-07,9.23489559981006e-06
-0.8,-0.6000000000000001,0.0,6.8663423735168825e-06,8.838515606584896e-06,5.03787774784338e-07,1.1203562729784682e-05
-0.8,-0.5000000000000001,0.0,9.763846458088161e-06,8.722756949422991e-06,5.193340358026084e-07,1.3103010886684435e-05
-0.8,-0.40000000000000013,0.0,1.2514549412847332e-05,7.688457731248558e-06,5.273073295896656e-07,1.4697087545212223e-05
-0.8,-0.30000000000000016,0.0,1.468889535119948e-05,5.965464934665645e-06,5.257987840327932e-07,1.5862751428630072e-05
-0.8,-0.20000000000000018,0.0,1.6139667363705926e-05,3.907253562299026e-06,5.127493985739796e-07,1.6613801640711574e-05
-0.8,-0.1000000000000002,0.0,1.6932556671587176e-05,1.7617925136876955e-06,4.858455260799161e-07,1.7030896458290424e-05
-0.8,-2.220446049250313e-16,0.0,1.717747045648426e-05,-3.791949772444787e-07,4.428679248998748e-07,1.7187361988189525e-05
-0.8,0.0,-0.8,2.423235194519871e-06,-4.438279910923442e-07,7.344813784655949e-06,7.746956926749293e-06
-0.8,0.0,-0.7000000000000001,4.3183503109793695e-06,-4.6405720247478664e-07,8.530885044866145e-06,9.572852142607509e-06
-0.8,0.0,-0.6000000000000001,6.8574244656135355e-06,-4.795005488411559e-07,9.274570821622454e-06,1.1544342987074867e-05
-0.8,0.0,-0.5000000000000001,9.756616982801986e-06,-4.880522741952434e-07,9.212398403411413e-06,1.3427511099031883e-05
-0.8,0.0,-0.40000000000000013,1.2509022501102354e-05,-4.879224118427224e-07,8.236941649090363e-06,1.4985356850725406e-05
-0.8,0.0,-0.30000000000000016,1.4684985662094116e-05,-4.778227664418049e-07,6.577770320121447e-06,1.6097955798060525e-05
-0.8,0.0,-0.20000000000000018,1.613723222458727e-05,-4.568547395186612e-07,4.587576495840213e-06,1.6782873360317774e-05
-0.8,0.0,-0.1000000000000002,1.693142981702428e-05,-4.2425067652607895e-07,2.5128303151506214e-06,1.7122138315002938e-05
-0.8,0.0,-2.220446049250313e-16,1.7177470456484257e-05,-3.7919497724448145e-07,4.4286792489988074e-07,1.718736198818952e-05
-0.8,0.0,0.0,1.717747045648426e-05,-3.7919497724448166e-07,4.4286792489987566e-07,1.7187361988189525e-05
-0.8,0.0,0.09999999999999976,1.6922963051170222e-05,-3.2091310188481713e-07,-1.6248735321689331e-06,1.700381950168188e-05
-0.8,0.0,0.19999999999999973,1.6123330045876833e-05,-2.4915645076025726e-07,-3.6938586431162243e-06,1.6542927261538527e-05
-0.8,0.0,0.2999999999999996,1.4672101236050451e-05,-1.6497243733580576e-07,-5.677959322724349e-06,1.5733308382425675e-05
-0.8,0.0,0.3999999999999997,1.250639792840806e-05,-7.130307326958463e-08,-7.337105866049789e-06,1.4499937784748227e-05
-0.8,0.0,0.4999999999999998,9.772749408879078e-06,2.7086006005856787e-08,-8.327189327564253e-06,1.283937096424773e-05
-0.8,0.0,0.5999999999999996,6.894798984409601e-06,1.2443380712823036e-07,-8.42445767091621e-06,1.0886929037007224e-05
-0.8,0.0,0.6999999999999995,4.371856877856477e-06,2.1514960313066024e-07,-7.734513857631546e-06,8.887188898976025e-06
-0.8,0.0,0.7999999999999996,2.4842585352665533e-06,2.9475887118910784e-07,-6.613206340131872e-06,7.070567258668133e-06
-0.8,0.0,0.8,2.484258535266547e-06,2.9475887118910636e-07,-6.613206340131865e-06,7.070567258668123e-06
-0.8,0.09999999999999976,0.0,1.6922037784570714e-05,-2.514941209428797e-06,3.8246667669463644e-07,1.7112176156997214e-05
-0.8,0.19999999999999973,0.0,1.6121692996525145e-05,-4.6447837450229256e-06,3.04972587121073e-07,1.6780226738370743e-05
-0.8,0.2999999999999996,0.0,1.466995081135916e-05,-6.678077177667382e-06,2.1283985583683864e-07,1.6119847158171564e-05
-0.8,0.3999999999999997,0.0,1.2503892288036293e-05,-8.370493360931447e-06,1.1055819885379993e-07,1.5047415212306222e-05
-0.8,0.4999999999999998,0.0,9.769999813649158e-06,-9.374692285547275e-06,4.053859424728693e-09,1.3540227776561975e-05
-0.8,0.5999999999999996,0.0,6.89187909411718e-06,-9.465388913863796e-06,-1.0029247067371531e-07,1.1709041093031441e-05
-0.8,0.6999999999999995,0.0,4.36881677459462e-06,-8.74869463975367e-06,-1.967056257844363e-07,9.780844084885986e-06
-0.8,0.7999999999999996,0.0,2.4811358106311017e-06,-7.5828959790499485e-06,-2.807835571413608e-07,7.983431952853915e-06
-0.8,0.8,0.0,2.481135810631094e-06,-7.58289597904994e-06,-2.80783557141361e-07,7.983431952853905e-06
-0.7000000000000001,-0.8,0.0,1.5508787312665357e-06,8.649171476551176e-06,5.031669810121665e-07,8.801509477394332e-06
-0.7000000000000001,-0.7000000000000001,0.0,3.883731214604258e-06,1.0720727351737444e-05,5.352316120088914e-07,1.1415070563779991e-05
-0.7000000000000001,-0.6000000000000001,0.0,7.508188967416349e-06,1.2249193396793872e-05,5.640597341330414e-07,1.4378240637371508e-05
-0.7000000000000001,-0.5000000000000001,0.0,1.197165838186043e-05,1.2332925316640232e-05,5.871566461409466e-07,1.7197860454280413e-05
-0.7000000000000001,-0.40000000000000013,0.0,1.6126653237017258e-05,1.0692646937686188e-05,6.02177930232265e-07,1.9358829030203966e-05
-0.7000000000000001,-0.30000000000000016,0.0,1.9094122027429567e-05,7.985899505235642e-06,6.069038292068157e-07,2.070575811613764e-05
-0.7000000000000001,-0.20000000000000018,0.0,2.081541400653537e-05,5.029130199476536e-06,5.98723073299026e-07,2.1422700113320365e-05
-0.7000000000000001,-0.1000000000000002,0.0,2.164096458397216e-05,2.208229828578739e-06,5.742635460787256e-07,2.176091463429139e-05
-0.7000000000000001,-2.220446049250313e-16,0.0,2.187354582474836e-05,-4.6367087046653844e-07,5.298382653423379e-07,2.1884874370462047e-05
-0.7000000000000001,0.0,-0.8,1.5362663263823852e-06,-4.921457194151563e-07,9.031846637577476e-06,9.174779306306755e-06
-0.7000000000000001,0.0,-0.7000000000000001,3.870749487112951e-06,-5.199998939306368e-07,1.1155371739643068e-05,1.1819281709617563e-05
-0.7000000000000001,0.0,-0.6000000000000001,7.497217391743557e-06,-5.431997608242461e-07,1.2742539571845031e-05,1.4794446570901466e-05
-0.7000000000000001,0.0,-0.5000000000000001,1.19628869589552e-05,-5.590315951172037e-07,1.2892234714459973e-05,1.759638873888067e-05
-0.7000000000000001,0.0,-0.40000000000000013,1.6120064002928098e-05,-5.65189281173811e-07,1.1325581875753214e-05,1.9709000664834372e-05
-0.7000000000000001,0.0,-0.30000000000000016,1.9089538910855977e-05,-5.600294913071675e-07,8.700193517027143e-06,2.0986126276517524e-05
-0.7000000000000001,0.0,-0.20000000000000018,2.0812594125253772e-05,-5.423111151887008e-07,5.831943969165535e-06,2.1621048680110116e-05
-0.7000000000000001,0.0,-0.1000000000000002,2.1639669313703745e-05,-5.107393238011365e-07,3.105118612603705e-06,2.186727930634413e-05
-0.7000000000000001,0.0,-2.220446049250313e-16,2.1873545824748364e-05,-4.636708704665446e-07,5.29838265342343e-07,2.188487437046205e-05
-0.7000000000000001,0.0,0.0,2.1873545824748364e-05,-4.636708704665435e-07,5.298382653423375e-07,2.188487437046205e-05
-0.7000000000000001,0.0,0.09999999999999976,2.1621345282628032e-05,-3.992212919870862e-07,-2.040032158573649e-06,2.1721042347884962e-05
-0.7000000000000001,0.0,0.19999999999999973,2.0779642652210086e-05,-3.160489555889196e-07,-4.751134929269575e-06,2.131822503896614e-05
-0.7000000000000001,0.0,0.2999999999999996,1.905208493527243e-05,-2.1473962395912705e-07,-7.596467837157592e-06,2.0511810673070835e-05
-0.7000000000000001,0.0,0.3999999999999997,1.609710317132498e-05,-9.898729994317332e-08,-1.020237879458524e-05,1.9058201962987837e-05
-0.7000000000000001,0.0,0.4999999999999998,1.1975924367633623e-05,2.439664729556383e-08,-1.1774037296377649e-05,1.679438340375055e-05
-0.7000000000000001,0.0,0.5999999999999996,7.5527628658035575e-06,1.4686589676291768e-07,-1.167159438810708e-05,1.3902946164722995e-05
-0.7000000000000001,0.0,0.6999999999999995,3.954076630379015e-06,2.601468013845217e-07,-1.0167746733888363e-05,1.09126290142054e-05
-0.7000000000000001,0.0,0.7999999999999996,1.626953518819952e-06,3.5781680177459877e-07,-8.1420185063609e-06,8.310684446780314e-06
-0.7000000000000001,0.0,0.8,1.6269535188199448e-06,3.578168017745992e-07,-8.142018506360892e-06,8.310684446780304e-06
-0.7000000000000001,0.09999999999999976,0.0,2.1620303587776713e-05,-3.1280755997986283e-06,4.6269070910236425e-07,2.185031960585419e-05
-0.7000000000000001,0.19999999999999973,0.0,2.0777836963294675e-05,-5.925480607451799e-06,3.723574911714099e-07,2.1609453473046774e-05
-0.7000000000000001,0.2999999999999996,0.0,1.904976814663432e-05,-8.841801531024121e-06,2.614727383251611e-07,2.1003320898073032e-05
-0.7000000000000001,0.3999999999999997,0.0,1.609445895162725e-05,-1.1496447001222827e-05,1.358099193388366e-07,1.9779240302188824e-05
-0.7000000000000001,0.4999999999999998,0.0,1.1973063203416288e-05,-1.3089176511409385e-05,3.5503159556561677e-09,1.773924453928565e-05
-0.7000000000000001,0.5999999999999996,0.0,7.549745694465619e-06,-1.2977531366499227e-05,-1.2618529285245667e-07,1.5014356567888806e-05
-0.7000000000000001,0.6999999999999995,0.0,3.950940667227795e-06,-1.1435065099732067e-05,-2.4508773503107983e-07,1.2100855919683014e-05
-0.7000000000000001,0.7999999999999996,0.0,1.6237283675209802e-06,-9.345403080919446e-06,-3.469562907289795e-07,9.491755961044691e-06
-0.7000000000000001,0.8,0.0,1.623728367520973e-06,-9.345403080919436e-06,-3.4695629072898034e-07,9.491755961044681e-06
-0.6000000000000001,-0.8,0.0,-3.329770926622409e-07,1.0304765264726234e-05,5.481695084778471e-07,1.0324705841590401e-05
-0.6000000000000001,-0.7000000000000001,0.0,2.13291436354646e-06,1.405646360545681e-05,5.883104208073559e-07,1.4229532737408673e-05
-0.6000000000000001,-0.6000000000000001,0.0,7.330578197515396e-06,1.7541356006188156e-05,6.259663911077358e-07,1.9021787013015308e-05
-0.6000000000000001,-0.5000000000000001,0.0,1.481172707632368e-05,1.8189803534348412e-05,6.582246349280433e-07,2.346677377211704e-05
-0.6000000000000001,-0.40000000000000013,0.0,2.143123775552922e-05,1.505385474721023e-05,6.824169877746484e-07,2.6198896683435516e-05
-0.6000000000000001,-0.30000000000000016,0.0,2.5196288722526712e-05,1.0377948208551557e-05,6.960590738328185e-07,2.7258746718119127e-05
-0.6000000000000001,-0.20000000000000018,0.0,2.679536558544574e-05,6.090103869333418e-06,6.959173457192543e-07,2.748754777984083e-05
-0.6000000000000001,-0.1000000000000002,0.0,2.7354947081325334e-05,2.542312533490223e-06,6.772433423709449e-07,2.7481177947548695e-05
-0.6000000000000001,-2.220446049250313e-16,0.0,2.7473944867947422e-05,-5.730671247324921e-07,6.34280144657608e-07,2.748724001856808e-05
-0.6000000000000001,0.0,-0.8,-3.514250950343094e-07,-5.41575438606914e-07,1.0729363535914849e-05,1.0748769484873202e-05
-0.6000000000000001,0.0,-0.7000000000000001,2.116569992884803e-06,-5.783337750331711e-07,1.4543190809100268e-05,1.4707778125876899e-05
-0.6000000000000001,0.0,-0.6000000000000001,7.316944375945773e-06,-6.111863756991783e-07,1.8099109663670733e-05,1.9531743250516685e-05
-0.6000000000000001,0.0,-0.5000000000000001,1.4801086017930943e-05,-6.36858985253748e-07,1.8828477234379e-05,2.3958073621283027e-05
-0.6000000000000001,0.0,-0.40000000000000013,2.1423496300687665e-05,-6.525201225872205e-07,1.5784365282820132e-05,2.6618380184328587e-05
-0.6000000000000001,0.0,-0.30000000000000016,2.5191076195628037e-05,-6.560790914298736e-07,1.121199603065741e-05,2.7581327282413846e-05
-0.6000000000000001,0.0,-0.20000000000000018,2.6792231968352862e-05,-6.45687248290582e-07,7.039429745216391e-06,2.7709099173493018e-05
-0.6000000000000001,0.0,-0.1000000000000002,2.7353523066856464e-05,-6.190529567845185e-07,3.617262298574693e-06,2.75986057124095e-05
-0.6000000000000001,0.0,-2.220446049250313e-16,2.7473944867947422e-05,-5.730671247324985e-07,6.342801446576152e-07,2.748724001856808e-05
-0.6000000000000001,0.0,0.0,2.7473944867947426e-05,-5.730671247324985e-07,6.342801446576088e-07,2.7487240018568083e-05
-0.6000000000000001,0.0,0.09999999999999976,2.7318749879684225e-05,-5.039571594979854e-07,-2.33864037872415e-06,2.74232986095465e-05
-0.6000000000000001,0.0,0.19999999999999973,2.6723780437235197e-05,-4.084811461848647e-07,-5.728871182677687e-06,2.733399463547284e-05
-0.6000000000000001,0.0,0.2999999999999996,2.5099206951261414e-05,-2.862321052313245e-07,-9.844230913036121e-06,2.6962214313173362e-05
-0.6000000000000001,0.0,0.3999999999999997,2.1345257109975427e-05,-1.417640794548299e-07,-1.4343010311927735e-05,2.5716960219925788e-05
-0.6000000000000001,0.0,0.4999999999999998,1.4800759549282118e-05,1.5162740500178486e-08,-1.7351494543731223e-05,2.280651389505857e-05
-0.6000000000000001,0.0,0.5999999999999996,7.417106317947163e-06,1.7174200257680263e-07,-1.6695358704325962e-05,1.8269591230054752e-05
-0.6000000000000001,0.0,0.6999999999999995,2.264385994081567e-06,3.154846875970905e-07,-1.3293123778651115e-05,1.3488295456166457e-05
-0.6000000000000001,0.0,0.7999999999999996,-2.0804168386290472e-07,4.3691492839446064e-07,-9.6391923712595e-06,9.651331802763067e-06
-0.6000000000000001,0.0,0.8,-2.0804168386291277e-07,4.369149283944617e-07,-9.639192371259486e-06,9.651331802763053e-06
-0.6000000000000001,0.09999999999999976,0.0,2.7317628653052303e-05,-3.6788398763945777e-06,5.620739375877272e-07,2.7569958744501785e-05
-0.6000000000000001,0.19999999999999973,0.0,2.6721885185695597e-05,-7.193229122590072e-06,4.5857371723218274e-07,2.767692148599103e-05
-0.6000000000000001,0.2999999999999996,0.0,2.509684353055438e-05,-1.141282835653017e-05,3.260271939466459e-07,2.7571915059058576e-05
-0.6000000000000001,0.3999999999999997,0.0,2.1342617529074134e-05,-1.598440336920257e-05,1.7144783676461077e-07,2.666529333089078e-05
-0.6000000000000001,0.4999999999999998,0.0,1.4797930805211832e-05,-1.9024955898844623e-05,5.979428506969913e-09,2.41024425903763e-05
-0.6000000000000001,0.5999999999999996,0.0,7.4141198841876165e-06,-1.8355597930748828e-05,-1.5718174215266964e-07,1.979701631944781e-05
-0.6000000000000001,0.6999999999999995,0.0,2.2612587757460902e-06,-1.4896347365598814e-05,-3.0571450213038143e-07,1.5070100113943644e-05
-0.6000000000000001,0.7999999999999996,0.0,-2.1128846278697224e-07,-1.1148706390000144e-05,-4.305085986180018e-07,1.1159015845423866e-05
-0.6000000000000001,0.8,0.0,-2.1128846278697817e-07,-1.1148706390000126e-05,-4.30508598618002e-07,1.1159015845423848e-05
-0.5000000000000001,-0.8,0.0,-3.6796690046011565e-06,1.1175138761941862e-05,5.908460909609747e-07,1.1780186307324762e-05
-0.5000000000000001,-0.7000000000000001,0.0,-2.5468086267989677e-06,1.7603398646834866e-05,6.391658973912364e-07,1.7798157521083838e-05
-0.5000000000000001,-0.6000000000000001,0.0,4.198175199470167e-06,2.63212087022946e-05,6.863479120766337e-07,2.66627413446481e-05
-0.5000000000000001,-0.5000000000000001,0.0,1.8994128218406217e-05,2.9038245616773084e-05,7.293256851423814e-07,3.470631831860454e-05
-0.5000000000000001,-0.40000000000000013,0.0,3.032735638226242e-05,2.1056986114699442e-05,7.652300884516926e-07,3.692872576274017e-05
-0.5000000000000001,-0.30000000000000016,0.0,3.365121570305309e-05,1.2325610892450739e-05,7.912645616107669e-07,3.584621460868592e-05
-0.5000000000000001,-0.20000000000000018,0.0,3.392161387510272e-05,6.48282606627489e-06,8.033986553557133e-07,3.4544874744259266e-05
-0.5000000000000001,-0.1000000000000002,0.0,3.366859381066974e-05,2.500184676226136e-06,7.952200732526279e-07,3.3770660455016405e-05
-0.5000000000000001,-2.220446049250313e-16,0.0,3.3529846344700686e-05,-7.147670552871549e-07,7.583739574807326e-07,3.354603730549924e-05
-0.5000000000000001,0.0,-0.8,-3.7034457040036238e-06,-5.899548060745779e-07,1.1645229804807377e-05,1.2234170750912685e-05
-0.5000000000000001,0.0,-0.7000000000000001,-2.5677945666851186e-06,-6.363781282573331e-07,1.814757235653636e-05,1.8339381900558823e-05
-0.5000000000000001,0.0,-0.6000000000000001,4.181029142382292e-06,-6.805498113019489e-07,2.6950967505145808e-05,2.7281840154185685e-05
-0.5000000000000001,0.0,-0.5000000000000001,1.8981295102943303e-05,-7.189892212592943e-07,2.9766701952191424e-05,3.531094808123825e-05
-0.5000000000000001,0.0,-0.40000000000000013,3.0318586603234625e-05,-7.485026192142726e-07,2.189926309137189e-05,3.740794933879605e-05
-0.5000000000000001,0.0,-0.30000000000000016,3.3645722079901217e-05,-7.664049239372282e-07,1.3298939481283144e-05,3.618679016039167e-05
-0.5000000000000001,0.0,-0.20000000000000018,3.391849965214913e-05,-7.697371397422727e-07,7.605850113811347e-06,3.476932656625526e-05
-0.5000000000000001,0.0,-0.1000000000000002,3.3667218026416435e-05,-7.543947929616233e-07,3.7910675749976387e-06,3.3888388490751604e-05
-0.5000000000000001,0.0,-2.220446049250313e-16,3.352984634470068e-05,-7.147670552871615e-07,7.583739574807362e-07,3.354603730549923e-05
-0.5000000000000001,0.0,0.0,3.3529846344700686e-05,-7.147670552871617e-07,7.583739574807311e-07,3.354603730549924e-05
-0.5000000000000001,0.0,0.09999999999999976,3.3609198741148826e-05,-6.440391942817005e-07,-2.2593860015271906e-06,3.369121327007545e-05
-0.5000000000000001,0.0,0.19999999999999973,3.379148601838654e-05,-5.359494274045208e-07,-6.023065867664329e-06,3.4328255003215234e-05
-0.5000000000000001,0.0,0.2999999999999996,3.343605053556e-05,-3.883055110377467e-07,-1.1602295948045343e-05,3.539397586952409e-05
-0.5000000000000001,0.0,0.3999999999999997,3.0067235693657247e-05,-2.064844139185159e-07,-1.9976381159955178e-05,3.609899032270764e-05
-0.5000000000000001,0.0,0.4999999999999998,1.892053811007723e-05,-4.285561869157592e-09,-2.76085728166274e-05,3.346968887981994e-05
-0.5000000000000001,0.0,0.5999999999999996,4.434856754477399e-06,1.9907392005642147e-07,-2.4965314094963928e-05,2.535694170673161e-05
-0.5000000000000001,0.0,0.6999999999999995,-2.2627893583847705e-06,3.8438431557650475e-07,-1.6540180296367677e-05,1.6698668546289253e-05
-0.5000000000000001,0.0,0.7999999999999996,-3.468870573788178e-06,5.37229720123234e-07,-1.031408428328679e-05,1.0895045361659619e-05
-0.5000000000000001,0.0,0.8,-3.468870573788174e-06,5.372297201232349e-07,-1.0314084283286765e-05,1.0895045361659595e-05
-0.5000000000000001,0.09999999999999976,0.0,3.360814038930584e-05,-3.920867005201416e-06,6.847647062323228e-07,3.3843008158298657e-05
-0.5000000000000001,0.19999999999999973,0.0,3.3789744838381996e-05,-7.865470907355326e-06,5.694268239028266e-07,3.4697791511063e-05
-0.5000000000000001,0.2999999999999996,0.0,3.3433937348910774e-05,-1.3600310618082976e-05,4.1292228120045515e-07,3.609663585944739e-05
-0.5000000000000001,0.3999999999999997,0.0,3.006489968682886e-05,-2.2085234486152788e-05,2.2293855335878495e-07,3.7305568982204366e-05
-0.5000000000000001,0.4999999999999998,0.0,1.8918005252506235e-05,-2.9767183830631667e-05,1.4342943913262073e-08,3.527004907369017e-05
-0.5000000000000001,0.5999999999999996,0.0,4.43211258450295e-06,-2.7104404901130524e-05,-1.9354272788311424e-07,2.746506591642653e-05
-0.5000000000000001,0.6999999999999995,0.0,-2.265748388869155e-06,-1.859317988177889e-05,-3.818405048780967e-07,1.873461384840947e-05
-0.5000000000000001,0.7999999999999996,0.0,-3.4720235363688983e-06,-1.222705966936962e-05,-5.365545205556864e-07,1.2721785501609177e-05
-0.5000000000000001,0.8,0.0,-3.4720235363688987e-06,-1.2227059669369594e-05,-5.36554520555687e-07,1.2721785501609152e-05
-0.40000000000000013,-0.8,0.0,-8.105613986052263e-06,9.59965259773096e-06,6.296053553096106e-07,1.2579773884750209e-05
-0.40000000000000013,-0.7000000000000001,0.0,-1.2309747340101376e-05,1.766570418512802e-05,6.856252094060491e-07,2.1542448000665002e-05
-0.40000000000000013,-0.6000000000000001,0.0,-1.1870827306466263e-05,4.0395767710175144e-05,7.425528952169022e-07,4.211040221413907e-05
-0.40000000000000013,-0.5000000000000001,0.0,3.0455429258947126e-05,5.638865538875905e-05,7.977355678224245e-07,6.409251134052345e-05
-0.40000000000000013,-0.40000000000000013,0.0,4.814797699451705e-05,2.54068099817628e-05,8.483437690149687e-07,5.444679393007794e-05
-0.40000000000000013,-0.30000000000000016,0.0,4.418681126991112e-05,1.1154487863608031e-05,8.910734800432592e-07,4.5581694808869927e-05
-0.40000000000000013,-0.20000000000000018,0.0,4.10816889920557e-05,5.249405614533435e-06,9.207896631627787e-07,4.1425949395875925e-05
-0.40000000000000013,-0.1000000000000002,0.0,3.957081073440436e-05,1.8082877736190448e-06,9.292516896127724e-07,3.962300437312799e-05
-0.40000000000000013,-2.220446049250313e-16,0.0,3.910523659330842e-05,-8.95140969638566e-07,9.052086993900727e-07,3.9125953140640615e-05
-0.40000000000000013,0.0,-0.8,-8.13708968108863e-06,-6.353616359446333e-07,1.0118777912464187e-05,1.3000214587778249e-05
-0.40000000000000013,0.0,-0.7000000000000001,-1.2337437439427189e-05,-6.915697284155967e-07,1.827304864469703e-05,2.2058897026653543e-05
-0.40000000000000013,0.0,-0.6000000000000001,-1.1892759812955836e-05,-7.48233123007517e-07,4.110579571991963e-05,4.279817788811559e-05
-0.40000000000000013,0.0,-0.5000000000000001,3.0440174066902764e-05,-8.02395202406332e-07,5.721806468574533e-05,6.481631709428052e-05
-0.40000000000000013,0.0,-0.40000000000000013,4.813883630476318e-05,-8.508987803656122e-07,2.6375747699450816e-05,5.489764709180438e-05
-0.40000000000000013,0.0,-0.30000000000000016,4.4182096548603325e-05,-8.902928634420052e-07,1.228754208314623e-05,4.58675698861177e-05
-0.40000000000000013,0.0,-0.20000000000000018,4.1079530813595306e-05,-9.158592024476373e-07,6.5753206230693325e-06,4.16125160407298e-05
-0.40000000000000013,0.0,-0.1000000000000002,3.956997744448945e-05,-9.206465814005931e-07,3.3576229180157516e-06,3.972284401631929e-05
-0.40000000000000013,0.0,-2.220446049250313e-16,3.910523659330843e-05,-8.951409696385723e-07,9.052086993900767e-07,3.912595314064062e-05
-0.40000000000000013,0.0,0.0,3.910523659330842e-05,-8.951409696385713e-07,9.052086993900714e-07,3.9125953140640615e-05
-0.40000000000000013,0.0,0.09999999999999976,3.9487958396309176e-05,-8.278743378619842e-07,-1.5296641951064858e-06,3.952624579665675e-05
-0.40000000000000013,0.0,0.19999999999999973,4.088029830396124e-05,-7.079659762072277e-07,-4.68799534929379e-06,4.11543108998234e-05
-0.40000000000000013,0.0,0.2999999999999996,4.376194953149171e-05,-5.300918926525256e-07,-1.0249056698042531e-05,4.49492200979191e-05
-0.40000000000000013,0.0,0.3999999999999997,4.7263894618530804e-05,-2.9995662139804595e-07,-2.3787902230210374e-05,5.291341985735144e-05
-0.40000000000000013,0.0,0.4999999999999998,2.9840674547135134e-05,-3.663672862376208e-08,-5.278132423312511e-05,6.06327913548453e-05
-0.40000000000000013,0.0,0.5999999999999996,-1.0759298699945972e-05,2.3099777442588823e-07,-3.783893854193167e-05,3.933956200145766e-05
-0.40000000000000013,0.0,0.6999999999999995,-1.1661567979515443e-05,4.7288418047021653e-07,-1.6279738075830154e-05,2.003111726805654e-05
-0.40000000000000013,0.0,0.7999999999999996,-7.775923982586009e-06,6.666198366541009e-07,-8.533889065526157e-06,1.1564455818251194e-05
-0.40000000000000013,0.0,0.8,-7.775923982585996e-06,6.666198366541025e-07,-8.533889065526136e-06,1.1564455818251169e-05
-0.40000000000000013,0.09999999999999976,0.0,3.948733612429106e-05,-3.5983562086016794e-06,8.363436224146622e-07,3.965976994703169e-05
-0.40000000000000013,0.19999999999999973,0.0,4.0879281143162054e-05,-7.0228721875792885e-06,7.126495827251705e-07,4.148426484792177e-05
-0.40000000000000013,0.2999999999999996,0.0,4.376069358905308e-05,-1.2819482174271109e-05,5.305543766622667e-07,4.560283888704783e-05
-0.40000000000000013,0.3999999999999997,0.0,4.7262401052094464e-05,-2.653002465439987e-05,2.970536730703021e-07,5.4200230647634424e-05
-0.40000000000000013,0.4999999999999998,0.0,2.983886411684475e-05,-5.560204582240456e-05,3.16327904662643e-08,6.310266485699106e-05
-0.40000000000000013,0.5999999999999996,0.0,-1.0761487390065311e-05,-4.0630059342305574e-05,-2.3699696822712302e-07,4.203174396297108e-05
-0.40000000000000013,0.6999999999999995,0.0,-1.1664139546389606e-05,-1.893810574014832e-05,-4.791114020105898e-07,2.2247102016177866e-05
-0.40000000000000013,0.7999999999999996,0.0,-7.778833763097206e-06,-1.0979417569740261e-05,-6.72619424154379e-07,1.3472575172340736e-05
-0.40000000000000013,0.8,0.0,-7.778833763097187e-06,-1.097941756974024e-05,-6.726194241543802e-07,1.3472575172340707e-05
-0.30000000000000016,-0.8,0.0,-1.0801613466541594e-05,4.644598783677973e-06,6.643344399300587e-07,1.1776607813372779e-05
-0.30000000000000016,-0.7000000000000001,0.0,-2.0917744882094556e-05,5.846507113036653e-06,7.27660844378999e-07,2.173161721270701e-05
-0.30000000000000016,-0.6000000000000001,0.0,-6.351112298094895e-05,1.0499915122854638e-05,7.945895251602264e-07,6.437811998188411e-05
-0.30000000000000016,-0.5000000000000001,0.0,0.0002499687746469596,5.119748248626411e-05,8.635105024941558e-07,0.00025515939363821526
-0.30000000000000016,-0.40000000000000013,0.0,7.016994612403655e-05,6.290497878513437e-06,9.31981883017708e-07,7.045750700131283e-05
-0.30000000000000016,-0.30000000000000016,0.0,5.168219581795703e-05,3.860973083222701e-06,9.961193076583919e-07,5.1835786204032006e-05
-0.30000000000000016,-0.20000000000000018,0.0,4.591222497363547e-05,2.1721456787054817e-06,1.0495581572052912e-06,4.597556080358989e-05
-0.30000000000000016,-0.1000000000000002,0.0,4.37159480372484e-05,5.327668517344673e-07,1.0822849498114213e-06,4.373258846702648e-05
-0.30000000000000016,-2.220446049250313e-16,0.0,4.309772148642934e-05,-1.1156417711136127e-06,1.0799508836427962e-06,4.3125683157422184e-05
-0.30000000000000016,0.0,-0.8,-1.084476998740201e-05,-6.770725096707061e-07,5.216308219981006e-06,1.2053104774656554e-05
-0.30000000000000016,0.0,-0.7000000000000001,-2.0955768564853695e-05,-7.430073429079824e-07,6.523592473399807e-06,2.1960272193539043e-05
-0.30000000000000016,0.0,-0.6000000000000001,-6.353998000557599e-05,-8.130063918343334e-07,1.1299965791581362e-05,6.454207360623819e-05
-0.30000000000000016,0.0,-0.5000000000000001,0.0002499511491446714,-8.854155616392269e-07,5.214039075599933e-05,0.00025533307907054823
-0.30000000000000016,0.0,-0.40000000000000013,7.01623299833409e-05,-9.576377542589302e-07,7.401446479558283e-06,7.055813935152603e-05
-0.30000000000000016,0.0,-0.30000000000000016,5.1680852963205336e-05,-1.0254844975705067e-06,5.1736495189254e-06,5.194929095573764e-05
-0.30000000000000016,0.0,-0.20000000000000018,4.591316920323491e-05,-1.0821462076430126e-06,3.7295899405137566e-06,4.607710915220242e-05
-0.30000000000000016,0.0,-0.1000000000000002,4.371674789430435e-05,-1.1171133567165456e-06,2.384567786981318e-06,4.379598328884313e-05
-0.30000000000000016,0.0,-2.220446049250313e-16,4.3097721486429334e-05,-1.1156417711136167e-06,1.0799508836427983e-06,4.312568315742218e-05
-0.30000000000000016,0.0,0.0,4.309772148642934e-05,-1.1156417711136159e-06,1.0799508836427964e-06,4.3125683157422184e-05
-0.30000000000000016,0.0,0.09999999999999976,4.3623163579895234e-05,-1.0596182317249286e-06,-2.061134331243179e-07,4.363651766883577e-05
-0.30000000000000016,0.0,0.19999999999999973,4.5674292958905246e-05,-9.309803324296799e-07,-1.5023264872056524e-06,4.570847565331218e-05
-0.30000000000000016,0.0,0.2999999999999996,5.1101685843472025e-05,-7.184915208368981e-07,-2.8836800912116383e-06,5.1188027281571166e-05
-0.30000000000000016,0.0,0.3999999999999997,6.817480434049547e-05,-4.2654826834170107e-07,-5.014112547232413e-06,6.836027512324961e-05
-0.30000000000000016,0.0,0.4999999999999998,0.00020493667661214993,-8.10429902882959e-08,-4.084735022950216e-05,0.000208967830082936
-0.30000000000000016,0.0,0.5999999999999996,-5.793680768506184e-05,2.7418593264027004e-07,-8.736658934823749e-06,5.85924745338933e-05
-0.30000000000000016,0.0,0.6999999999999995,-1.98978579120114e-05,5.914932596583956e-07,-4.463041009403879e-06,2.0400817356528557e-05
-0.30000000000000016,0.0,0.7999999999999996,-1.0406057952484166e-05,8.361500939298417e-07,-3.3874533328603583e-06,1.09754284277355e-05
-0.30000000000000016,0.0,0.8,-1.0406057952484137e-05,8.361500939298421e-07,-3.3874533328603554e-06,1.0975428427735473e-05
-0.30000000000000016,0.09999999999999976,0.0,4.362373128928652e-05,-2.783658856994021e-06,1.0246057621651124e-06,4.372446117678134e-05
-0.30000000000000016,0.19999999999999973,0.0,4.5675061707192374e-05,-4.473003583697676e-06,8.980640062765231e-07,4.590234789174703e-05
-0.30000000000000016,0.2999999999999996,0.0,5.1102315455004186e-05,-6.214014941259397e-06,6.887150339004783e-07,5.148334638454337e-05
-0.30000000000000016,0.3999999999999997,0.0,6.817498347093056e-05,-8.613805483685519e-06,4.0045756590845256e-07,6.871816632037355e-05
-0.30000000000000016,0.4999999999999998,0.0,0.00020493619094093116,-4.457294043124297e-05,5.8722928151192164e-08,0.00020972742506512402
-0.30000000000000016,0.5999999999999996,0.0,-5.793803155316592e-05,-1.2416298422040928e-05,-2.9297374489054946e-07,5.9254247108338334e-05
-0.30000000000000016,0.6999999999999995,0.0,-1.9899774170691556e-05,-7.934515589781676e-06,-6.071576362734177e-07,2.1431896558267923e-05
-0.30000000000000016,0.7999999999999996,0.0,-1.040855231811156e-05,-6.531428529313682e-06,-8.4915347259863e-07,1.2317409695728424e-05
-0.30000000000000016,0.8,0.0,-1.0408552318111542e-05,-6.531428529313676e-06,-8.491534725986304e-07,1.2317409695728404e-05
-0.20000000000000018,-0.8,0.0,-9.142647362152536e-06,-3.487597287437848e-07,6.962184961637702e-07,9.175748161946725e-06
-0.20000000000000018,-0.7000000000000001,0.0,-1.3508543073983109e-05,-6.736638914738334e-06,7.673412688766275e-07,1.5114623795256868e-05
-0.20000000000000018,-0.6000000000000001,0.0,-1.4354689793163646e-05,-3.0438740545530604e-05,8.452118130587054e-07,3.3664349511984026e-05
-0.20000000000000018,-0.5000000000000001,0.0,3.5759746398735036e-05,-5.058777769934966e-05,9.294805022770736e-07,6.195761978211215e-05
-0.20000000000000018,-0.40000000000000013,0.0,5.441624886614846e-05,-1.5566495217547426e-05,1.0184575260617173e-06,5.6608136957092325e-05
-0.20000000000000018,-0.30000000000000016,0.0,4.987314636080482e-05,-3.590648979176212e-06,1.1081990773279773e-06,5.001451382561775e-05
-0.20000000000000018,-0.20000000000000018,0.0,4.686855310920597e-05,-8.671928897967303e-07,1.191692688020717e-06,4.689172022352408e-05
-0.20000000000000018,-0.1000000000000002,0.0,4.5454771441046814e-05,-7.342132675701604e-07,1.2575258690377387e-06,4.547809018847845e-05
-0.20000000000000018,-2.220446049250313e-16,0.0,4.50194618759955e-05,-1.3696109949907844e-06,1.2878891327223566e-06,4.505869994018909e-05
-0.20000000000000018,0.0,-0.8,-9.20456234600339e-06,-7.154771028435206e-07,2.791314432890731e-07,9.236546423246593e-06
-0.20000000000000018,0.0,-0.7000000000000001,-1.3563977470501894e-05,-7.915409985007454e-07,-5.981094674796546e-06,1.4845252287565548e-05
-0.20000000000000018,0.0,-0.6000000000000001,-1.4394653955045468e-05,-8.757454916285961e-07,-2.953478469137719e-05,3.286755998576138e-05
-0.20000000000000018,0.0,-0.5000000000000001,3.574056964286059e-05,-9.679873643223905e-07,-4.9514846271201174e-05,6.107409695766562e-05
-0.20000000000000018,0.0,-0.40000000000000013,5.441505000308833e-05,-1.0666339652556355e-06,-1.4297079417363843e-05,5.6272034392945576e-05
-0.20000000000000018,0.0,-0.30000000000000016,4.988108606635047e-05,-1.1673097868387455e-06,-2.081129721080697e-06,4.9938126318606286e-05
-0.20000000000000018,0.0,-0.20000000000000018,4.687701503683578e-05,-1.2616764012164044e-06,9.452264610034356e-07,4.6903516064019075e-05
-0.20000000000000018,0.0,-0.1000000000000002,4.545925299693969e-05,-1.3359387813880524e-06,1.4589251826172403e-06,4.5502273329536636e-05
-0.20000000000000018,0.0,-2.220446049250313e-16,4.501946187599549e-05,-1.3696109949907866e-06,1.2878891327223588e-06,4.5058699940189075e-05
-0.20000000000000018,0.0,0.0,4.5019461875995496e-05,-1.3696109949907866e-06,1.287889132722358e-06,4.505869994018909e-05
-0.20000000000000018,0.0,0.09999999999999976,4.537512809652196e-05,-1.3359640328105171e-06,1.1430762266809853e-06,4.5409180491754563e-05
-0.20000000000000018,0.0,0.19999999999999973,4.6671056776969384e-05,-1.2057717267020295e-06,1.7124240879661626e-06,4.6718024598575024e-05
-0.20000000000000018,0.0,0.2999999999999996,4.943716506153848e-05,-9.564793910461908e-07,4.726406138078337e-06,4.967179337540937e-05
-0.20000000000000018,0.0,0.3999999999999997,5.342678214910153e-05,-5.872780753866374e-07,1.6455352007074565e-05,5.590656988245761e-05
-0.20000000000000018,0.0,0.4999999999999998,3.4935763262607926e-05,-1.3274121445528393e-07,4.927816421769021e-05,6.04058163063512e-05
-0.20000000000000018,0.0,0.5999999999999996,-1.3027330262392474e-05,3.39583406085179e-07,3.065609585769828e-05,3.331100214480976e-05
-0.20000000000000018,0.0,0.6999999999999995,-1.283811316667128e-05,7.539081941845947e-07,8.19066692834078e-06,1.524705059926452e-05
-0.20000000000000018,0.0,0.7999999999999996,-8.831253385709882e-06,1.057740289429377e-06,1.8856807911203328e-06,9.092064833056054e-06
-0.20000000000000018,0.0,0.8,-8.831253385709872e-06,1.057740289429378e-06,1.8856807911203186e-06,9.09206483305604e-06
-0.20000000000000018,0.09999999999999976,0.0,4.5378103404755006e-05,-2.0526814003951037e-06,1.2573068446356235e-06,4.544190345975544e-05
-0.20000000000000018,0.19999999999999973,0.0,4.667520689027469e-05,-2.060714391902441e-06,1.1353622083138933e-06,4.673446832263107e-05
-0.20000000000000018,0.2999999999999996,0.0,4.9441114484736215e-05,4.0449899537771143e-07,8.96852783989146e-07,4.945090257868105e-05
-0.20000000000000018,0.3999999999999997,0.0,5.342970795742786e-05,1.1709315032629345e-05,5.385772079987772e-07,5.4700382232287605e-05
-0.20000000000000018,0.4999999999999998,0.0,3.493732575707645e-05,4.4329358510723104e-05,9.37537639547831e-08,5.644216107482555e-05
-0.20000000000000018,0.5999999999999996,0.0,-1.3027131366484853e-05,2.577969312166275e-05,-3.7053022462925764e-07,2.8886606268894294e-05
-0.20000000000000018,0.6999999999999995,0.0,-1.2839093456514102e-05,3.643270972336015e-06,-7.78449553786146e-07,1.336868459762438e-05
-0.20000000000000018,0.7999999999999996,0.0,-8.833161900211806e-06,-2.156270589598984e-06,-1.0772751448168408e-06,9.156133122042466e-06
-0.20000000000000018,0.8,0.0,-8.833161900211789e-06,-2.1562705895989967e-06,-1.0772751448168422e-06,9.156133122042454e-06
-0.1000000000000002,-0.8,0.0,-5.784641990414649e-06,-1.725741235550403e-06,7.258585618288214e-07,6.080060560646381e-06
-0.1000000000000002,-0.7000000000000001,0.0,-3.7741698330527587e-06,-6.1937311318678116e-06,8.05884379504745e-07,7.297678596356772e-06
-0.1000000000000002,-0.6000000000000001,0.0,5.402266904469048e-06,-1.4179072608724427e-05,8.959797009307999e-07,1.5199781819982843e-05
-0.1000000000000002,-0.5000000000000001,0.0,2.4737851086076357e-05,-1.735525291525719e-05,9.967969316259894e-07,3.0235073742796318e-05
-0.1000000000000002,-0.40000000000000013,0.0,3.972414515345044e-05,-1.0382390738086567e-05,1.1077068705116737e-06,4.107345566325878e-05
-0.1000000000000002,-0.30000000000000016,0.0,4.4698455164194175e-05,-4.2991852779104335e-06,1.225768299085171e-06,4.4921458080101546e-05
-0.1000000000000002,-0.20000000000000018,0.0,4.5611434078057354e-05,-1.892864594105341e-06,1.3445879334960386e-06,4.567049125791721e-05
-0.1000000000000002,-0.1000000000000002,0.0,4.554826827766228e-05,-1.4077099668780882e-06,1.4521293611514945e-06,4.5593147183828644e-05
-0.1000000000000002,-2.220446049250313e-16,0.0,4.5446357314054706e-05,-1.6418785848626109e-06,1.5269314870319837e-06,4.5501633796713866e-05
-0.1000000000000002,0.0,-0.8,-5.878466525535217e-06,-7.503799916729163e-07,-1.038512703029638e-06,6.016473008174728e-06
-0.1000000000000002,0.0,-0.7000000000000001,-3.8625006809342695e-06,-8.371443097172978e-07,-5.345982635867869e-06,6.648251834017008e-06
-0.1000000000000002,0.0,-0.6000000000000001,5.341271473075561e-06,-9.360547005380514e-07,-1.3145250970109117e-05,1.4219810210359519e-05
-0.1000000000000002,0.0,-0.5000000000000001,2.472022612465026e-05,-1.048196459683918e-06,-1.6122757573722273e-05,2.9531874428368986e-05
-0.1000000000000002,0.0,-0.40000000000000013,3.974236907686747e-05,-1.173097224571236e-06,-8.93321212682273e-06,4.07508814118549e-05
-0.1000000000000002,0.0,-0.30000000000000016,4.472917728628571e-05,-1.3072090348488557e-06,-2.5810988162607427e-06,4.4822652389925236e-05
-0.1000000000000002,0.0,-0.20000000000000018,4.563603626213239e-05,-1.442125862054691e-06,1.8532655603550924e-07,4.5659192706978966e-05
-0.1000000000000002,0.0,-0.1000000000000002,4.5559894236722894e-05,-1.5621797394032926e-06,1.1491356004021409e-06,4.560114999676751e-05
-0.1000000000000002,0.0,-2.220446049250313e-16,4.544635731405472e-05,-1.6418785848626104e-06,1.5269314870319811e-06,4.550163379671388e-05
-0.1000000000000002,0.0,0.0,4.5446357314054706e-05,-1.6418785848626096e-06,1.5269314870319828e-06,4.5501633796713866e-05
-0.1000000000000002,0.0,0.09999999999999976,4.549899102084786e-05,-1.6446336292165832e-06,1.953942120773992e-06,4.5570614363873555e-05
-0.1000000000000002,0.0,0.19999999999999973,4.5501401193581114e-05,-1.5252873570896286e-06,3.037832346184607e-06,4.562819783274864e-05
-0.1000000000000002,0.0,0.2999999999999996,4.4501889159141036e-05,-1.241808729265071e-06,5.902658821375828e-06,4.4908814377737905e-05
-0.1000000000000002,0.0,0.3999999999999997,3.945798575843401e-05,-7.808555410297143e-07,1.2169709014509523e-05,4.1299445431949475e-05
-0.1000000000000002,0.0,0.4999999999999998,2.4644786228732262e-05,-1.868105487246189e-07,1.908613306914702e-05,3.117179593758136e-05
-0.1000000000000002,0.0,0.5999999999999996,5.627024542263814e-06,4.364866287828958e-07,1.6095299375161852e-05,1.7056159818447736e-05
-0.1000000000000002,0.0,0.6999999999999995,-3.532517295614024e-06,9.697704018677538e-07,8.300489608595446e-06,9.072886024774693e-06
-0.1000000000000002,0.0,0.7999999999999996,-5.632502445039342e-06,1.3366276526181803e-06,3.733289669467599e-06,6.888331367702287e-06
-0.1000000000000002,0.0,0.8,-5.63250244503934e-06,1.336627652618182e-06,3.733289669467591e-06,6.888331367702281e-06
-0.1000000000000002,0.09999999999999976,0.0,4.5506014041433266e-05,-1.9563571526898148e-06,1.5342747995639563e-06,4.5573881186580754e-05
-0.1000000000000002,0.19999999999999973,0.0,4.5510901459953555e-05,-1.7036900752312239e-06,1.4272259772259898e-06,4.556513673369271e-05
-0.1000000000000002,0.2999999999999996,0.0,4.451079121129344e-05,3.3716345420338756e-07,1.1597576334933364e-06,4.4527174300854236e-05
-0.1000000000000002,0.3999999999999997,0.0,3.946478687597643e-05,5.944368189597894e-06,7.148711320606107e-07,3.9916362022048036e-05
-0.1000000000000002,0.4999999999999998,0.0,2.464909753824418e-05,1.2537485028517714e-05,1.3488981664394947e-07,2.7654741646828223e-05
-0.1000000000000002,0.5999999999999996,0.0,5.629054829862233e-06,9.660555154911234e-06,-4.769919254502296e-07,1.1191072579320629e-05
-0.1000000000000002,0.6999999999999995,0.0,-3.5323301501809342e-06,2.3815400498088062e-06,-1.00137360437506e-06,4.376281343133654e-06
-0.1000000000000002,0.7999999999999996,0.0,-5.633693952245536e-06,-1.415422880059732e-06,-1.3614181842550299e-06,5.9661871366380035e-06
-0.1000000000000002,0.8,0.0,-5.6336939522455346e-06,-1.4154228800597413e-06,-1.3614181842550316e-06,5.966187136638004e-06
-2.220446049250313e-16,-0.8,0.0,-4.277215786108684e-06,-4.4821869426049567e-07,7.514725249173026e-07,4.3657972736405775e-06
-2.220446049250313e-16,-0.7000000000000001,0.0,-5.414959875158074e-07,-6.025652045623558e-07,8.407319075593186e-07,1.1675328135146025e-06
-2.220446049250313e-16,-0.6000000000000001,0.0,8.906621678602505e-06,-7.858903264196136e-07,9.432932185066469e-07,8.99084731418528e-06
-2.220446049250313e-16,-0.5000000000000001,0.0,2.3362728288632696e-05,-9.223644654286429e-07,1.060513076931988e-06,2.3404967790661614e-05
-2.220446049250313e-16,-0.40000000000000013,0.0,3.596634761213728e-05,-9.865995325005503e-07,1.1930382951148347e-06,3.599965110342368e-05
-2.220446049250313e-16,-0.30000000000000016,0.0,4.25248035941254e-05,-1.0697292891667447e-06,1.3398456269903022e-06,4.255935182513012e-05
-2.220446049250313e-16,-0.20000000000000018,0.0,4.4819136052177295e-05,-1.240524081715383e-06,1.4963713359572413e-06,4.4861263732043585e-05
-2.220446049250313e-16,-0.1000000000000002,0.0,4.536500740345432e-05,-1.517561419494078e-06,1.6510066286321346e-06,4.5420399736959485e-05
-2.220446049250313e-16,-2.220446049250313e-16,0.0,4.54328144073845e-05,-1.9082538491247715e-06,1.7793290117327779e-06,4.5507670446426265e-05
-2.220446049250313e-16,0.0,-0.8,-4.4274234354815346e-06,-7.794039600380279e-07,2.9765845165152067e-07,4.505346752894127e-06
-2.220446049250313e-16,0.0,-0.7000000000000001,-7.009253201116453e-07,-8.763448553393337e-07,3.606647957519104e-07,1.1787093385343554e-06
-2.220446049250313e-16,0.0,-0.6000000000000001,8.794487428953625e-06,-9.889334809344428e-07,4.4127399940227006e-07,8.860909733784954e-06
-2.220446049250313e-16,0.0,-0.5000000000000001,2.335807776539922e-05,-1.1189850221883737e-06,5.453507175089005e-07,2.3391223392106e-05
-2.220446049250313e-16,0.0,-0.40000000000000013,3.604248159603035e-05,-1.2672640695119132e-06,6.808027241350133e-07,3.6071178663460004e-05
-2.220446049250313e-16,0.0,-0.30000000000000016,4.260951298992213e-05,-1.4319850832734682e-06,8.580809482822968e-07,4.2642203055551265e-05
-2.220446049250313e-16,0.0,-0.20000000000000018,4.4875510438998096e-05,-1.6062868002920698e-06,1.0903978208220293e-06,4.491748614796996e-05
-2.220446049250313e-16,0.0,-0.1000000000000002,4.538891343348084e-05,-1.7746030679051035e-06,1.3929227979287795e-06,4.5444943752211045e-05
-2.220446049250313e-16,0.0,-2.220446049250313e-16,4.543281440738449e-05,-1.908253849124772e-06,1.7793290117327766e-06,4.550767044642625e-05
-2.220446049250313e-16,0.0,0.0,4.543281440738449e-05,-1.908253849124771e-06,1.7793290117327796e-06,4.550767044642625e-05
-2.220446049250313e-16,0.0,0.09999999999999976,4.5351505042212024e-05,-1.9611076772098994e-06,2.252838101567538e-06,4.5449755031543e-05
-2.220446049250313e-16,0.0,0.19999999999999973,4.480134538317707e-05,-1.8686387777494329e-06,2.7889062055196565e-06,4.4926944664061185e-05
-2.220446049250313e-16,0.0,0.2999999999999996,4.250840010404064e-05,-1.5606272346936817e-06,3.313891602193178e-06,4.2665929197920395e-05
-2.220446049250313e-16,0.0,0.3999999999999997,3.5953754421995963e-05,-1.000666440089863e-06,3.7088339843053977e-06,3.615839100243061e-05
-2.220446049250313e-16,0.0,0.4999999999999998,2.3354314827990806e-05,-2.4124779160955535e-07,3.882494914291107e-06,2.36760636158413e-05
-2.220446049250313e-16,0.0,0.5999999999999996,8.901820903259655e-06,5.634245566574312e-07,3.8252179398386585e-06,9.705264288622885e-06
-2.220446049250313e-16,0.0,0.6999999999999995,-5.435082668388592e-07,1.2320881907658348e-06,3.5352853925351573e-06,3.7830788192448846e-06
-2.220446049250313e-16,0.0,0.7999999999999996,-4.277212348510205e-06,1.6588902479522105e-06,3.0596172367275024e-06,5.514319537738012e-06
-2.220446049250313e-16,0.0,0.8,-4.27721234851021e-06,1.6588902479522122e-06,3.0596172367274994e-06,5.514319537738015e-06
-2.220446049250313e-16,0.09999999999999976,0.0,4.5364380529241236e-05,-2.4168219099707786e-06,1.8371589943314826e-06,4.5465846545695915e-05
-2.220446049250313e-16,0.19999999999999973,0.0,4.481810290425647e-05,-3.0304408873286014e-06,1.758142782678136e-06,4.495483273189211e-05
-2.220446049250313e-16,0.2999999999999996,0.0,4.252364697916943e-05,-3.695323400752744e-06,1.4678378709590549e-06,4.270913854739519e-05
-2.220446049250313e-16,0.3999999999999997,0.0,3.5965271082638743e-05,-4.289661427320109e-06,9.258357586412001e-07,3.623201748537759e-05
-2.220446049250313e-16,0.4999999999999998,0.0,2.3361823709541184e-05,-4.61331698549089e-06,1.8226755905410136e-07,2.3813666708581084e-05
-2.220446049250313e-16,0.5999999999999996,0.0,8.905903308722666e-06,-4.496551669584083e-06,-6.094684745415527e-07,9.99527600834598e-06
-2.220446049250313e-16,0.6999999999999995,0.0,-5.420502216610195e-07,-4.005010350132078e-06,-1.268012565351275e-06,4.235774098480295e-06
-2.220446049250313e-16,0.7999999999999996,0.0,-4.277638203233288e-06,-3.3494801583102827e-06,-1.687059041266762e-06,5.688881624484299e-06
-2.220446049250313e-16,0.8,0.0,-4.277638203233297e-06,-3.3494801583102835e-06,-1.687059041266764e-06,5.6888816244843065e-06
0.0,-0.8,-0.8,-3.6760451968258653e-06,-3.588554404435988e-07,3.4120838930907306e-07,3.709246376445945e-06
0.0,-0.8,-0.7000000000000001,-3.923316678138685e-06,-3.7484078453966367e-07,3.808392831234467e-07,3.959540116009113e-06
0.0,-0.8,-0.6000000000000001,-3.975945578995512e-06,-3.9064454516990267e-07,4.2465102516060215e-07,4.0175956617079956e-06
0.0,-0.8,-0.5000000000000001,-3.888212238981744e-06,-4.0649558626102974e-07,4.7261369926637595e-07,3.937867035052273e-06
0.0,-0.8,-0.40000000000000013,-3.827297387280095e-06,-4.2292801375372134e-07,5.244503391684492e-07,3.886144818937221e-06
0.0,-0.8,-0.30000000000000016,-3.895054252112674e-06,-4.4034591369688343e-07,5.795467500848825e-07,3.962477329417105e-06
0.0,-0.8,-0.20000000000000018,-4.0484391114313805e-06,-4.5701286661052283e-07,6.368613756271775e-07,4.123628549103401e-06
0.0,-0.8,-0.1000000000000002,-4.195047247055349e-06,-4.648062849600513e-07,6.948554380983725e-07,4.277533210557214e-06
0.0,-0.8,-2.220446049250313e-16,-4.277215786108683e-06,-4.482186942604938e-07,7.514725249173028e-07,4.365797273640577e-06
0.0,-0.8,0.0,-4.277215786108688e-06,-4.482186942604887e-07,7.514725249173032e-07,4.36579727364058e-06
0.0,-0.8,0.09999999999999976,-4.280421436310964e-06,-3.971281116237754e-07,8.042007972450637e-07,4.373380538183464e-06
0.0,-0.8,0.19999999999999973,-4.218748853954173e-06,-3.196678803123956e-07,8.502431269325499e-07,4.315430780506057e-06
0.0,-0.8,0.2999999999999996,-4.1386521213220616e-06,-2.3167785403989924e-07,8.867956404158984e-07,4.2389294069654875e-06
0.0,-0.8,0.3999999999999997,-4.1050160881636895e-06,-1.4287783824414418e-07,9.113972004195222e-07,4.207400149460065e-06
0.0,-0.8,0.4999999999999998,-4.131071710487163e-06,-5.6870574798973036e-08,9.222782537526002e-07,4.233153070325977e-06
0.0,-0.8,0.5999999999999996,-4.123919577763719e-06,2.4671326139137564e-08,9.186281933287377e-07,4.225067942148951e-06
0.0,-0.8,0.6999999999999995,-3.969261376925154e-06,1.0008033828569531e-07,9.00720808723464e-07,4.071406382041542e-06
0.0,-0.8,0.7999999999999996,-3.652849540676642e-06,1.6755678585760501e-07,8.698717611621552e-07,3.758731424852783e-06
0.0,-0.8,0.8,-3.6528495406766384e-06,1.675567858576049e-07,8.698717611621564e-07,3.7587314248527802e-06
0.0,-0.7000000000000001,-0.8,-3.99793305345696e-06,-4.0048191578439206e-07,3.5206977048499266e-07,4.033337028824071e-06
0.0,-0.7000000000000001,-0.7000000000000001,-3.9116506555335626e-06,-4.2212524749053123e-07,3.963996322446939e-07,3.954280369921792e-06
0.0,-0.7000000000000001,-0.6000000000000001,-3.183465680332691e-06,-4.4449497200568874e-07,4.4614716587744116e-07,3.245162062457728e-06
0.0,-0.7000000000000001,-0.5000000000000001,-1.9673313539825213e-06,-4.683578744152469e-07,5.014859225020099e-07,2.083564226357604e-06
0.0,-0.7000000000000001,-0.40000000000000013,-9.123846656248598e-07,-4.954861365005361e-07,5.623104006669192e-07,1.1807392922359306e-06
0.0,-0.7000000000000001,-0.30000000000000016,-4.286184978651624e-07,-5.287209106919392e-07,6.280996216622317e-07,9.261580604018626e-07
0.0,-0.7000000000000001,-0.20000000000000018,-3.7419401098280177e-07,-5.691794725048969e-07,6.97764581757001e-07,9.751214495286589e-07
0.0,-0.7000000000000001,-0.1000000000000002,-4.6562158544240794e-07,-6.054360772053207e-07,7.695064286775662e-07,1.0842031397241805e-06
0.0,-0.7000000000000001,-2.220446049250313e-16,-5.414959875158067e-07,-6.025652045623419e-07,8.407319075593186e-07,1.1675328135145951e-06
0.0,-0.7000000000000001,0.0,-5.4149598751581e-07,-6.025652045623436e-07,8.407319075593188e-07,1.1675328135145977e-06
0.0,-0.7000000000000001,0.09999999999999976,-5.63918209062204e-07,-5.328928098636049e-07,9.080885710233827e-07,1.1944050176299249e-06
0.0,-0.7000000000000001,0.19999999999999973,-5.750627366430047e-07,-4.1857643023025606e-07,9.676791845594478e-07,1.200960608533554e-06
0.0,-0.7000000000000001,0.2999999999999996,-7.239352761015109e-07,-2.9573011624305405e-07,1.0154752891974805e-06,1.2816897630113178e-06
0.0,-0.7000000000000001,0.3999999999999997,-1.2509988840265784e-06,-1.786809473807215e-07,1.047873044176873e-06,1.64163424839552e-06
0.0,-0.7000000000000001,0.4999999999999998,-2.2398931040905736e-06,-6.888719955853078e-08,1.0622578430727284e-06,2.479971429106603e-06
0.0,-0.7000000000000001,0.5999999999999996,-3.2991530146120077e-06,3.356304079701452e-08,1.0574287590157951e-06,3.4646345654231304e-06
0.0,-0.7000000000000001,0.6999999999999995,-3.886592366433559e-06,1.271631517613074e-07,1.033791526462869e-06,4.023741493954589e-06
0.0,-0.7000000000000001,0.7999999999999996,-3.902839946540556e-06,2.0963165885835437e-07,9.932937112585069e-07,4.0327084543187714e-06
0.0,-0.7000000000000001,0.8,-3.902839946540557e-06,2.096316588583559e-07,9.93293711258507e-07,4.032708454318772e-06
0.0,-0.6000000000000001,-0.8,-4.160311749268401e-06,-4.460355069764242e-07,3.6050911342736e-07,4.199655741301732e-06
0.0,-0.6000000000000001,-0.7000000000000001,-3.330759067653446e-06,-4.743589198681817e-07,4.0971611524365134e-07,3.389224047876521e-06
0.0,-0.6000000000000001,-0.6000000000000001,-7.810535402838763e-07,-5.043966744430976e-07,4.658409102960882e-07,1.039936724846623e-06
0.0,-0.6000000000000001,-0.5000000000000001,3.2124863971032794e-06,-5.373338300676715e-07,5.293779108246587e-07,3.299854158743668e-06
0.0,-0.6000000000000001,-0.40000000000000013,6.688480759932834e-06,-5.760688903558631e-07,6.005335676199662e-07,6.740049763040767e-06
0.0,-0.6000000000000001,-0.30000000000000016,8.435211173678607e-06,-6.262332720810776e-07,6.790297130844732e-07,8.485637100823096e-06
0.0,-0.6000000000000001,-0.20000000000000018,8.939842252356867e-06,-6.938882577682046e-07,7.638581918357772e-07,8.999207728935271e-06
0.0,-0.6000000000000001,-0.1000000000000002,8.964493138880865e-06,-7.674526750318415e-07,8.53016533542023e-07,9.037630112587684e-06
0.0,-0.6000000000000001,-2.220446049250313e-16,8.906621678602503e-06,-7.858903264195858e-07,9.432932185066452e-07,8.990847314185275e-06
0.0,-0.6000000000000001,0.0,8.906621678602507e-06,-7.858903264195892e-07,9.432932185066459e-07,8.99084731418528e-06
0.0,-0.6000000000000001,0.09999999999999976,8.865877594167696e-06,-6.918740234525545e-07,1.0302155497980078e-06,8.95230804084281e-06
0.0,-0.6000000000000001,0.19999999999999973,8.738769372603765e-06,-5.313338152399156e-07,1.1082941937055272e-06,8.824778852219266e-06
0.0,-0.6000000000000001,0.2999999999999996,8.143010316780606e-06,-3.684021111653929e-07,1.1716453327422004e-06,8.235113230578137e-06
0.0,-0.6000000000000001,0.3999999999999997,6.372665093789268e-06,-2.1906193882035654e-07,1.2149098303373322e-06,6.491136605132432e-06
0.0,-0.6000000000000001,0.4999999999999998,3.0194140463367513e-06,-8.06108001346457e-08,1.234192472663658e-06,3.2629113294562044e-06
0.0,-0.6000000000000001,0.5999999999999996,-7.569903608337219e-07,4.821500316743522e-08,1.227714538599805e-06,1.4431361963497888e-06
0.0,-0.6000000000000001,0.6999999999999995,-3.1635860643420738e-06,1.6514861804955e-07,1.1960757633994041e-06,3.38617012040661e-06
0.0,-0.6000000000000001,0.7999999999999996,-3.959121028589301e-06,2.6661349862616266e-07,1.1421697238587303e-06,4.12919771320861e-06
0.0,-0.6000000000000001,0.8,-3.959121028589303e-06,2.666134986261633e-07,1.1421697238587315e-06,4.129197713208612e-06
0.0,-0.5000000000000001,-0.8,-4.178583274756924e-06,-4.953950505611348e-07,3.6555973844638785e-07,4.223696054709875e-06
0.0,-0.5000000000000001,-0.7000000000000001,-2.281232077423142e-06,-5.314988738541245e-07,4.1961543864410044e-07,2.379619288945395e-06
0.0,-0.5000000000000001,-0.6000000000000001,2.9893283658242035e-06,-5.703004898813046e-07,4.823551043118678e-07,3.081232411574267e-06
0.0,-0.5000000000000001,-0.5000000000000001,1.1277122922676977e-05,-6.129642419375881e-07,5.547503067117958e-07,1.1307385837489471e-05
0.0,-0.5000000000000001,-0.40000000000000013,1.8469947237216218e-05,-6.624019340282349e-07,6.375246184047881e-07,1.849281387206467e-05
0.0,-0.5000000000000001,-0.30000000000000016,2.207917257223172e-05,-7.245390103754654e-07,7.308873593136288e-07,2.2103144902568722e-05
0.0,-0.5000000000000001,-0.20000000000000018,2.322037239820867e-05,-8.063092568847292e-07,8.341602766629014e-07,2.3249336599060013e-05
0.0,-0.5000000000000001,-0.1000000000000002,2.339898479944744e-05,-8.95705731739654e-07,9.453158619888706e-07,2.3435195763670748e-05
0.0,-0.5000000000000001,-2.220446049250313e-16,2.3362728288632696e-05,-9.223644654286191e-07,1.0605130769319885e-06,2.3404967790661614e-05
0.0,-0.5000000000000001,0.0,2.3362728288632703e-05,-9.22364465428619e-07,1.060513076931989e-06,2.340496779066162e-05
0.0,-0.5000000000000001,0.09999999999999976,2.3314639622891182e-05,-8.171657457840929e-07,1.1738200934505455e-06,2.335846814782936e-05
0.0,-0.5000000000000001,0.19999999999999973,2.3058518098442595e-05,-6.332618782825267e-07,1.2774141963450396e-06,2.310255536800452e-05
0.0,-0.5000000000000001,0.2999999999999996,2.1869061005943048e-05,-4.4309872938352496e-07,1.3625231120861838e-06,2.191594476623376e-05
0.0,-0.5000000000000001,0.3999999999999997,1.8300502716549417e-05,-2.631093173360945e-07,1.4210422097189266e-06,1.835747769038831e-05
0.0,-0.5000000000000001,0.4999999999999998,1.1293037712175053e-05,-9.113029247825587e-08,1.4471869471913412e-06,1.1385752305356732e-05
0.0,-0.5000000000000001,0.5999999999999996,3.2275034852047887e-06,7.14893599219371e-08,1.4384009572961458e-06,3.53424486836178e-06
0.0,-0.5000000000000001,0.6999999999999995,-1.9534644368075173e-06,2.190115935726089e-07,1.3955377543306787e-06,2.4107084037173053e-06
0.0,-0.5000000000000001,0.7999999999999996,-3.875536984124703e-06,3.4490108724932505e-07,1.3228229762517047e-06,4.109574710575728e-06
0.0,-0.5000000000000001,0.8,-3.875536984124708e-06,3.449010872493255e-07,1.322822976251704e-06,4.109574710575733e-06
0.0,-0.40000000000000013,-0.8,-4.168611586793839e-06,-5.482969620141117e-07,3.6608903818008685e-07,4.2204233560131585e-06
0.0,-0.40000000000000013,-0.7000000000000001,-1.3072393072279975e-06,-5.934492581144894e-07,4.2465508760728595e-07,1.4971267721035931e-06
0.0,-0.40000000000000013,-0.6000000000000001,6.333452378122816e-06,-6.4238029754614e-07,4.939009588864673e-07,6.38507710445332e-06
0.0,-0.40000000000000013,-0.5000000000000001,1.8284377896403195e-05,-6.957612652326135e-07,5.754686129294076e-07,1.8306657885074018e-05
0.0,-0.40000000000000013,-0.40000000000000013,2.8664304304792338e-05,-7.551575480385719e-07,6.708793583209794e-07,2.8682096912769775e-05
0.0,-0.40000000000000013,-0.30000000000000016,3.391503774038135e-05,-8.23329390609085e-07,7.812049170748652e-07,3.393402330021293e-05
0.0,-0.40000000000000013,-0.20000000000000018,3.564039565016043e-05,-9.012928511802766e-07,9.065392173168521e-07,3.566331370268468e-05
0.0,-0.40000000000000013,-0.1000000000000002,3.597305132375281e-05,-9.733893137071386e-07,1.045244331220931e-06,3.6001395028656084e-05
0.0,-0.40000000000000013,-2.220446049250313e-16,3.596634761213728e-05,-9.865995325005361e-07,1.1930382951148343e-06,3.599965110342368e-05
0.0,-0.40000000000000013,0.0,3.5966347612137284e-05,-9.865995325005361e-07,1.1930382951148343e-06,3.5999651103423685e-05
0.0,-0.40000000000000013,0.09999999999999976,3.591210769935647e-05,-8.936643092384413e-07,1.3421965628415993e-06,3.594829073712808e-05
0.0,-0.40000000000000013,0.19999999999999973,3.553683926943182e-05,-7.237012179076618e-07,1.4814456910049454e-06,3.557506669072638e-05
0.0,-0.40000000000000013,0.2999999999999996,3.381528096199717e-05,-5.249925247468162e-07,1.5973262880777644e-06,3.385705679707604e-05
0.0,-0.40000000000000013,0.3999999999999997,2.8659596773777664e-05,-3.153608459120306e-07,1.6772737926133406e-06,2.871036724032016e-05
0.0,-0.40000000000000013,0.4999999999999998,1.8472691889790332e-05,-1.0130524865952004e-07,1.7129017758487661e-06,1.8552213908378628e-05
0.0,-0.40000000000000013,0.5999999999999996,6.6948991701062165e-06,1.0704028213484574e-07,1.7009422430435355e-06,6.9084250762426585e-06
0.0,-0.40000000000000013,0.6999999999999995,-9.043360777301433e-07,2.961995748443026e-07,1.6424405623915733e-06,1.89820149894879e-06
0.0,-0.40000000000000013,0.7999999999999996,-3.8186966155294994e-06,4.541084101233926e-07,1.5431576511369425e-06,4.1436691260118405e-06
0.0,-0.40000000000000013,0.8,-3.818696615529507e-06,4.541084101233932e-07,1.5431576511369423e-06,4.143669126011847e-06
0.0,-0.30000000000000016,-0.8,-4.224724556897871e-06,-6.042533580664274e-07,3.6083288634942997e-07,4.282945256976994e-06
0.0,-0.30000000000000016,-0.7000000000000001,-8.029248257535268e-07,-6.599555508971367e-07,4.2314111041052264e-07,1.1221755674985642e-06
0.0,-0.30000000000000016,-0.6000000000000001,8.089522861670843e-06,-7.209371265266232e-07,4.982559311305154e-07,8.136853780350637e-06
0.0,-0.30000000000000016,-0.5000000000000001,2.185420364056833e-05,-7.872752953757979e-07,5.887033230871938e-07,2.1876302035690426e-05
0.0,-0.30000000000000016,-0.40000000000000013,3.38339147530374e-05,-8.58795404120869e-07,6.971526709763473e-07,3.3851991653499365e-05
0.0,-0.30000000000000016,-0.30000000000000016,3.997718889095898e-05,-9.343233387729937e-07,8.26068241250753e-07,3.999663711443742e-05
0.0,-0.30000000000000016,-0.20000000000000018,4.2056566796753925e-05,-1.008617670142961e-06,9.770388129248083e-07,4.208000386378679e-05
0.0,-0.30000000000000016,-0.1000000000000002,4.250137336362695e-05,-1.0647774659241412e-06,1.1496498485361316e-06,4.253025021817527e-05
0.0,-0.30000000000000016,-2.220446049250313e-16,4.2524803594125394e-05,-1.0697292891667392e-06,1.3398456269903018e-06,4.2559351825130116e-05
0.0,-0.30000000000000016,0.0,4.25248035941254e-05,-1.0697292891667375e-06,1.3398456269903022e-06,4.255935182513012e-05
0.0,-0.30000000000000016,0.09999999999999976,4.246059393476208e-05,-9.954825501477825e-07,1.5380416984115523e-06,4.25001011183086e-05
0.0,-0.30000000000000016,0.19999999999999973,4.199587199958348e-05,-8.453904570091693e-07,1.7279581445888935e-06,4.2039907104793334e-05
0.0,-0.30000000000000016,0.2999999999999996,3.99431169711293e-05,-6.380257742439627e-07,1.8881580495018907e-06,3.999280949218017e-05
0.0,-0.30000000000000016,0.3999999999999997,3.389817480634209e-05,-3.886470885967793e-07,1.9981849577878446e-06,3.395924093507288e-05
0.0,-0.30000000000000016,0.4999999999999998,2.207296410497858e-05,-1.1448035770421443e-07,2.046428902515447e-06,2.216792099825835e-05
0.0,-0.30000000000000016,0.5999999999999996,8.435148730970802e-06,1.601960467683732e-07,2.0303221894222398e-06,8.67753450467694e-06
0.0,-0.30000000000000016,0.6999999999999995,-4.25286004815564e-07,4.08481142484427e-07,1.9504391148866108e-06,2.037630430312875e-06
0.0,-0.30000000000000016,0.7999999999999996,-3.8899365569727155e-06,6.090843957544532e-07,1.8131773342480623e-06,4.334766690821459e-06
0.0,-0.30000000000000016,0.8,-3.889936556972716e-06,6.090843957544546e-07,1.8131773342480633e-06,4.33476669082146e-06
0.0,-0.20000000000000018,-0.8,-4.33279157074886e-06,-6.624189658514134e-07,3.4847017456044247e-07,4.396966356981847e-06
0.0,-0.20000000000000018,-0.7000000000000001,-6.859448379150812e-07,-7.303515746153416e-07,4.1320104418911334e-07,1.0838214087774929e-06
0.0,-0.20000000000000018,-0.6000000000000001,8.663897755305327e-06,-8.058849161665638e-07,4.928103326847029e-07,8.715241639592691e-06
0.0,-0.20000000000000018,-0.5000000000000001,2.3047340138711133e-05,-8.888955319183595e-07,5.909012396326655e-07,2.3072043407793536e-05
0.0,-0.20000000000000018,-0.40000000000000013,3.557806956953049e-05,-9.781992206479935e-07,7.116692941367807e-07,3.559862892294934e-05
0.0,-0.20000000000000018,-0.30000000000000016,4.205376770509019e-05,-1.0703248264643225e-06,8.596386568566136e-07,4.2076168457313164e-05
0.0,-0.20000000000000018,-0.20000000000000018,4.428022701533589e-05,-1.1570606349897034e-06,1.0389579241476895e-06,4.430752450104693e-05
0.0,-0.20000000000000018,-0.1000000000000002,4.477909621376414e-05,-1.222057023079963e-06,1.251925430385688e-06,4.481325918043065e-05
0.0,-0.20000000000000018,-2.220446049250313e-16,4.48191360521773e-05,-1.2405240817153835e-06,1.4963713359572418e-06,4.486126373204359e-05
0.0,-0.20000000000000018,0.0,4.48191360521773e-05,-1.240524081715383e-06,1.496371335957241e-06,4.486126373204359e-05
0.0,-0.20000000000000018,0.09999999999999976,4.474646300299346e-05,-1.187434961387897e-06,1.7618151720193841e-06,4.479687428567027e-05
0.0,-0.20000000000000018,0.19999999999999973,4.42307802248152e-05,-1.0474773203353791e-06,2.0255223917492014e-06,4.4289523241868354e-05
0.0,-0.20000000000000018,0.2999999999999996,4.202289001337091e-05,-8.166020484659353e-07,2.252470185794223e-06,4.209113619183164e-05
0.0,-0.20000000000000018,0.3999999999999997,3.5620429556872014e-05,-5.036251900551562e-07,2.4064828503431225e-06,3.570517889406431e-05
0.0,-0.20000000000000018,0.4999999999999998,2.3210210112661458e-05,-1.3619365759685206e-07,2.4712312445548286e-06,2.334179483352396e-05
0.0,-0.20000000000000018,0.5999999999999996,8.936062680249536e-06,2.4012789036179963e-07,2.4499481565298676e-06,9.268933250313232e-06
0.0,-0.20000000000000018,0.6999999999999995,-3.7402373337503755e-07,5.754251904028153e-07,2.340293534661774e-06,2.4388484436835386e-06
0.0,-0.20000000000000018,0.7999999999999996,-4.045911453845877e-06,8.332664538971632e-07,2.1460618656256958e-06,4.6550310425006245e-06
0.0,-0.20000000000000018,0.8,-4.045911453845885e-06,8.332664538971637e-07,2.146061865625696e-06,4.655031042500632e-06
0.0,-0.1000000000000002,-0.8,-4.420518574152884e-06,-7.214483407047527e-07,3.2774776903845213e-07,4.490978821242199e-06
0.0,-0.1000000000000002,-0.7000000000000001,-7.086389258050896e-07,-8.032551892246875e-07,3.9293551812701637e-07,1.1409585214144845e-06
0.0,-0.1000000000000002,-0.6000000000000001,8.765972178311044e-06,-8.960965951469645e-07,4.747289971118142e-07,8.824433407276414e-06
0.0,-0.1000000000000002,-0.5000000000000001,2.3308736528134903e-05,-1.0003795107205118e-06,5.779088255682568e-07,2.3337350670419928e-05
0.0,-0.1000000000000002,-0.40000000000000013,3.597931820679945e-05,-1.1151800676342322e-06,7.085000981101814e-07,3.600356840090161e-05
0.0,-0.1000000000000002,-0.30000000000000016,4.254122594835179e-05,-1.2368434450105762e-06,8.737746677293035e-07,4.256817084473035e-05
0.0,-0.1000000000000002,-0.20000000000000018,4.480696881009065e-05,-1.3567626459874274e-06,1.081783395836681e-06,4.484055657707084e-05
0.0,-0.1000000000000002,-0.1000000000000002,4.532079608949051e-05,-1.4587448915471528e-06,1.339839605728222e-06,4.536405697259529e-05
0.0,-0.1000000000000002,-2.220446049250313e-16,4.5365007403454304e-05,-1.517561419494079e-06,1.6510066286321333e-06,4.542039973695947e-05
0.0,-0.1000000000000002,0.0,4.536500740345432e-05,-1.5175614194940803e-06,1.6510066286321333e-06,4.5420399736959485e-05
0.0,-0.1000000000000002,0.09999999999999976,4.528643037010481e-05,-1.5004705625848909e-06,2.0075138754328134e-06,4.535573061406452e-05
0.0,-0.1000000000000002,0.19999999999999973,4.474610256953467e-05,-1.3719765013800268e-06,2.381312963592196e-06,4.483042121276833e-05
0.0,-0.1000000000000002,0.2999999999999996,4.247565923929149e-05,-1.1034411241290236e-06,2.71750288458287e-06,4.257680157144902e-05
0.0,-0.1000000000000002,0.3999999999999997,3.595567843537772e-05,-6.90946588663816e-07,2.9484517655116546e-06,3.608298195479722e-05
0.0,-0.1000000000000002,0.4999999999999998,2.3388676671638407e-05,-1.7433184052812955e-07,3.0420144876682056e-06,2.358631891975193e-05
0.0,-0.1000000000000002,0.5999999999999996,8.959410359124063e-06,3.638621875168188e-07,3.0118508227288363e-06,9.459105404479668e-06
0.0,-0.1000000000000002,0.6999999999999995,-4.67110486098207e-07,8.306053336557396e-07,2.8496432412929076e-06,3.0047569001778853e-06
0.0,-0.1000000000000002,0.7999999999999996,-4.194173938440729e-06,1.1638915819602453e-06,2.5584629020227234e-06,5.048907907803417e-06
0.0,-0.1000000000000002,0.8,-4.194173938440738e-06,1.163891581960246e-06,2.5584629020227213e-06,5.0489079078034235e-06
0.0,-2.220446049250313e-16,-0.8,-4.427423435481537e-06,-7.794039600380289e-07,2.9765845165152745e-07,4.50534675289413e-06
0.0,-2.220446049250313e-16,-0.7000000000000001,-7.009253201116437e-07,-8.763448553393344e-07,3.6066479575192224e-07,1.1787093385343584e-06
0.0,-2.220446049250313e-16,-0.6000000000000001,8.794487428953624e-06,-9.889334809344411e-07,4.412739994022904e-07,8.860909733784952e-06
0.0,-2.220446049250313e-16,-0.5000000000000001,2.3358077765399215e-05,-1.1189850221883745e-06,5.453507175089344e-07,2.339122339210599e-05
0.0,-2.220446049250313e-16,-0.40000000000000013,3.604248159603035e-05,-1.267264069511914e-06,6.808027241350353e-07,3.6071178663460004e-05
0.0,-2.220446049250313e-16,-0.30000000000000016,4.2609512989922125e-05,-1.4319850832734665e-06,8.580809482823053e-07,4.264220305555126e-05
0.0,-2.220446049250313e-16,-0.20000000000000018,4.487551043899809e-05,-1.6062868002920683e-06,1.0903978208220284e-06,4.491748614796995e-05
0.0,-2.220446049250313e-16,-0.1000000000000002,4.538891343348084e-05,-1.7746030679051025e-06,1.3929227979287829e-06,4.5444943752211045e-05
0.0,-2.220446049250313e-16,-2.220446049250313e-16,4.543281440738449e-05,-1.908253849124772e-06,1.7793290117327779e-06,4.550767044642625e-05
0.0,-2.220446049250313e-16,0.0,4.5432814407384495e-05,-1.9082538491247737e-06,1.7793290117327787e-06,4.550767044642626e-05
0.0,-2.220446049250313e-16,0.09999999999999976,4.535150504221201e-05,-1.961107677209899e-06,2.252838101567539e-06,4.544975503154299e-05
0.0,-2.220446049250313e-16,0.19999999999999973,4.480134538317707e-05,-1.8686387777494342e-06,2.7889062055196573e-06,4.4926944664061185e-05
0.0,-2.220446049250313e-16,0.2999999999999996,4.250840010404064e-05,-1.5606272346936804e-06,3.313891602193174e-06,4.2665929197920395e-05
0.0,-2.220446049250313e-16,0.3999999999999997,3.595375442199597e-05,-1.0006664400898626e-06,3.7088339843053804e-06,3.6158391002430617e-05
0.0,-2.220446049250313e-16,0.4999999999999998,2.33543148279908e-05,-2.4124779160955556e-07,3.882494914291067e-06,2.3676063615841285e-05
0.0,-2.220446049250313e-16,0.5999999999999996,8.901820903259651e-06,5.634245566574309e-07,3.825217939838634e-06,9.705264288622872e-06
0.0,-2.220446049250313e-16,0.6999999999999995,-5.435082668388626e-07,1.2320881907658348e-06,3.5352853925351434e-06,3.7830788192448723e-06
0.0,-2.220446049250313e-16,0.7999999999999996,-4.277212348510203e-06,1.65889024795221e-06,3.0596172367274977e-06,5.514319537738009e-06
0.0,-2.220446049250313e-16,0.8,-4.277212348510206e-06,1.6588902479522114e-06,3.0596172367274913e-06,5.514319537738008e-06
0.0,0.0,-0.8,-4.4274234354815346e-06,-7.79403960038028e-07,2.9765845165152745e-07,4.505346752894127e-06
0.0,0.0,-0.7000000000000001,-7.009253201116444e-07,-8.763448553393343e-07,3.6066479575192224e-07,1.1787093385343588e-06
0.0,0.0,-0.6000000000000001,8.794487428953627e-06,-9.88933480934442e-07,4.412739994022904e-07,8.860909733784955e-06
0.0,0.0,-0.5000000000000001,2.3358077765399225e-05,-1.118985022188374e-06,5.453507175089344e-07,2.3391223392106002e-05
0.0,0.0,-0.40000000000000013,3.604248159603035e-05,-1.2672640695119134e-06,6.808027241350353e-07,3.6071178663460004e-05
0.0,0.0,-0.30000000000000016,4.2609512989922125e-05,-1.4319850832734663e-06,8.580809482823036e-07,4.264220305555126e-05
0.0,0.0,-0.20000000000000018,4.487551043899809e-05,-1.606286800292069e-06,1.0903978208220301e-06,4.491748614796995e-05
0.0,0.0,-0.1000000000000002,4.538891343348084e-05,-1.7746030679051046e-06,1.3929227979287829e-06,4.5444943752211045e-05
0.0,0.0,-2.220446049250313e-16,4.543281440738449e-05,-1.908253849124772e-06,1.7793290117327779e-06,4.550767044642625e-05
0.0,0.0,0.0,4.543281440738449e-05,-1.908253849124772e-06,1.7793290117327783e-06,4.550767044642625e-05
0.0,0.0,0.09999999999999976,4.5351505042212024e-05,-1.961107677209901e-06,2.2528381015675365e-06,4.5449755031543e-05
0.0,0.0,0.19999999999999973,4.480134538317707e-05,-1.8686387777494346e-06,2.7889062055196535e-06,4.4926944664061185e-05
0.0,0.0,0.2999999999999996,4.2508400104040645e-05,-1.5606272346936825e-06,3.3138916021931696e-06,4.26659291979204e-05
0.0,0.0,0.3999999999999997,3.5953754421995963e-05,-1.0006664400898634e-06,3.708833984305382e-06,3.615839100243061e-05
0.0,0.0,0.4999999999999998,2.3354314827990806e-05,-2.412477916095562e-07,3.882494914291067e-06,2.3676063615841292e-05
0.0,0.0,0.5999999999999996,8.901820903259653e-06,5.634245566574315e-07,3.825217939838636e-06,9.705264288622873e-06
0.0,0.0,0.6999999999999995,-5.435082668388617e-07,1.2320881907658357e-06,3.535285392535145e-06,3.7830788192448736e-06
0.0,0.0,0.7999999999999996,-4.2772123485102025e-06,1.658890247952212e-06,3.0596172367274994e-06,5.514319537738009e-06
0.0,0.0,0.8,-4.277212348510211e-06,1.6588902479522126e-06,3.059617236727494e-06,5.514319537738014e-06
0.0,0.09999999999999976,-0.8,-4.331733323183021e-06,-8.337669255228706e-07,2.576591167960488e-07,4.41876329867738e-06
0.0,0.09999999999999976,-0.7000000000000001,-6.069757260302718e-07,-9.463061258808163e-07,3.1526451991488273e-07,1.1676071828259264e-06
0.0,0.09999999999999976,-0.6000000000000001,8.865460301718671e-06,-1.08007788332311e-06,3.9030844711846786e-07,8.939535518095192e-06
0.0,0.09999999999999976,-0.5000000000000001,2.3387752019604498e-05,-1.2391883082981277e-06,4.893514594399694e-07,2.342566961785283e-05
0.0,0.09999999999999976,-0.40000000000000013,3.602766039439415e-05,-1.4275794572799728e-06,6.217665166356065e-07,3.6061293518145653e-05
0.0,0.09999999999999976,-0.30000000000000016,4.256210661212868e-05,-1.6475753544936568e-06,8.009159381981501e-07,4.260151276833961e-05
0.0,0.09999999999999976,-0.20000000000000018,4.481148139016704e-05,-1.8968686949597058e-06,1.0455463327614592e-06,4.486379545202519e-05
0.0,0.09999999999999976,-0.1000000000000002,4.531973709249185e-05,-2.1632853964370127e-06,1.3808302082610038e-06,4.539234589556994e-05
0.0,0.09999999999999976,-2.220446049250313e-16,4.536438052924124e-05,-2.4168219099707794e-06,1.837158994331483e-06,4.546584654569592e-05
0.0,0.09999999999999976,0.0,4.5364380529241236e-05,-2.4168219099707786e-06,1.8371589943314839e-06,4.5465846545695915e-05
0.0,0.09999999999999976,0.09999999999999976,4.528604939153354e-05,-2.597805144231276e-06,2.441853801341445e-06,4.5426176496013126e-05
0.0,0.09999999999999976,0.19999999999999973,4.4739570849929914e-05,-2.6021869151813344e-06,3.1948354755171487e-06,4.4928916638319496e-05
0.0,0.09999999999999976,0.2999999999999996,4.245190380729466e-05,-2.283382625008877e-06,4.0222702612859965e-06,4.2703122030254616e-05
0.0,0.09999999999999976,0.3999999999999997,3.590426079891971e-05,-1.5191608686485584e-06,4.737708190313505e-06,3.624734020805167e-05
0.0,0.09999999999999976,0.4999999999999998,2.3308738709435406e-05,-3.585574365656643e-07,5.101125664643963e-06,2.3863095916216286e-05
0.0,0.09999999999999976,0.5999999999999996,8.862117632319673e-06,8.98279072313887e-07,4.976011472656223e-06,1.020317227125146e-05
0.0,0.09999999999999976,0.6999999999999995,-5.657702499007375e-07,1.877454305972787e-06,4.409486751185592e-06,4.825816413371915e-06
0.0,0.09999999999999976,0.7999999999999996,-4.280740845029706e-06,2.4014134780645308e-06,3.6082107389665106e-06,6.091856335447257e-06
0.0,0.09999999999999976,0.8,-4.280740845029712e-06,2.4014134780645324e-06,3.608210738966509e-06,6.091856335447261e-06
0.0,0.19999999999999973,-0.8,-4.156668737690474e-06,-8.815818210762085e-07,2.0789479847756832e-07,4.254209885440467e-06
0.0,0.19999999999999973,-0.7000000000000001,-4.79997013332876e-07,-1.0089932484659514e-06,2.5654614342318887e-07,1.146420704612258e-06
0.0,0.19999999999999973,-0.6000000000000001,8.86601559821081e-06,-1.1636846923722076e-06,3.2093695376420527e-07,8.947815106453097e-06
0.0,0.19999999999999973,-0.5000000000000001,2.3201632358479226e-05,-1.3527762068691654e-06,4.0759530222505096e-07,2.324460972987711e-05
0.0,0.19999999999999973,-0.40000000000000013,3.56623011241786e-05,-1.5848079784018608e-06,5.263071553457251e-07,3.57013772426466e-05
0.0,0.19999999999999973,-0.30000000000000016,4.208048566273701e-05,-1.868723247020013e-06,6.919218388851375e-07,4.2127641234905315e-05
0.0,0.19999999999999973,-0.20000000000000018,4.4277706856927465e-05,-2.210523961681321e-06,9.270870810918862e-07,4.4342544256606386e-05
0.0,0.19999999999999973,-0.1000000000000002,4.477116547316778e-05,-2.6061170489943836e-06,1.266001681298584e-06,4.486481766547014e-05
0.0,0.19999999999999973,-2.220446049250313e-16,4.481810290425646e-05,-3.030440887328604e-06,1.7581427826781351e-06,4.4954832731892106e-05
0.0,0.19999999999999973,0.0,4.481810290425647e-05,-3.0304408873286035e-06,1.7581427826781377e-06,4.495483273189211e-05
0.0,0.19999999999999973,0.09999999999999976,4.475209849251498e-05,-3.419737175693612e-06,2.4668236047798856e-06,4.4950307457587894e-05
0.0,0.19999999999999973,0.19999999999999973,4.4230353667128835e-05,-3.6316613830252523e-06,3.4464862482414442e-06,4.451282306683739e-05
0.0,0.19999999999999973,0.2999999999999996,4.1992462847531305e-05,-3.396475904708926e-06,4.666530793297746e-06,4.2387256271400266e-05
0.0,0.19999999999999973,0.3999999999999997,3.5532709757333565e-05,-2.3856563084014743e-06,5.8739051572757395e-06,3.609387178618268e-05
0.0,0.19999999999999973,0.4999999999999998,2.3054910631171123e-05,-5.639024856800766e-07,6.559091498851524e-06,2.3976416986592257e-05
0.0,0.19999999999999973,0.5999999999999996,8.73621453904383e-06,1.4712635976212264e-06,6.3166295512101564e-06,1.0880527098128453e-05
0.0,0.19999999999999973,0.6999999999999995,-5.764548555975738e-07,2.9114051386228483e-06,5.2995199896414075e-06,6.074001333746183e-06
0.0,0.19999999999999973,0.7999999999999996,-4.219078070781496e-06,3.48403361477764e-06,4.035360433281349e-06,6.798767816504877e-06
0.0,0.19999999999999973,0.8,-4.219078070781502e-06,3.4840336147776383e-06,4.035360433281334e-06,6.79876781650487e-06
0.0,0.2999999999999996,-0.8,-3.97327544886334e-06,-9.19744720825609e-07,1.4937244151485805e-07,4.081073421333027e-06
0.0,0.2999999999999996,-0.7000000000000001,-5.007813080186892e-07,-1.0598320507608092e-06,1.8559030588897575e-07,1.186789642658182e-06
0.0,0.2999999999999996,-0.6000000000000001,8.384640615970217e-06,-1.2329034097349274e-06,2.3414028349612808e-07,8.478034604144351e-06
0.0,0.2999999999999996,-0.5000000000000001,2.2059236764844082e-05,-1.4493937474576694e-06,3.005268844875645e-07,2.2108844051440546e-05
0.0,0.2999999999999996,-0.40000000000000013,3.391588336915645e-05,-1.7233902640912931e-06,3.9331551351378473e-07,3.396191861196535e-05
0.0,0.2999999999999996,-0.30000000000000016,3.997442529247461e-05,-2.072773657129249e-06,5.261472920421729e-07,4.003158626722461e-05
0.0,0.2999999999999996,-0.20000000000000018,4.2024100730301605e-05,-2.516072677493746e-06,7.212067087444193e-07,4.2105531739020997e-05
0.0,0.2999999999999996,-0.1000000000000002,4.24760872843069e-05,-3.061984165402144e-06,1.0150763759124554e-06,4.2598405111719474e-05
0.0,0.2999999999999996,-2.220446049250313e-16,4.252364697916943e-05,-3.695323400752754e-06,1.4678378709590561e-06,4.2709138547395196e-05
0.0,0.2999999999999996,0.0,4.252364697916943e-05,-3.695323400752754e-06,1.4678378709590561e-06,4.2709138547395196e-05
0.0,0.2999999999999996,0.09999999999999976,4.248341092407637e-05,-4.366807540323507e-06,2.17347994162869e-06,4.276252128786164e-05
0.0,0.2999999999999996,0.19999999999999973,4.202548220729574e-05,-4.930235170243805e-06,3.2554943232168674e-06,4.24387395769259e-05
0.0,0.2999999999999996,0.2999999999999996,3.9942749160896185e-05,-4.971415674315645e-06,4.786668546665535e-06,4.053455785021888e-05
0.0,0.2999999999999996,0.3999999999999997,3.381361631504635e-05,-3.7541837916716172e-06,6.522860259691486e-06,3.464104863035011e-05
0.0,0.2999999999999996,0.4999999999999998,2.186717370147783e-05,-9.079090154859907e-07,7.616565389651995e-06,2.3173468726236234e-05
0.0,0.2999999999999996,0.5999999999999996,8.141492047849523e-06,2.4136817227314035e-06,7.220022161616014e-06,1.1146231302017334e-05
0.0,0.2999999999999996,0.6999999999999995,-7.248264878750645e-07,4.462007547474926e-06,5.667842613925539e-06,7.249781009622207e-06
0.0,0.2999999999999996,0.7999999999999996,-4.13886009212307e-06,4.922786718338622e-06,3.9680736828641525e-06,7.557089432384614e-06
0.0,0.2999999999999996,0.8,-4.138860092123077e-06,4.92278671833862e-06,3.968073682864143e-06,7.557089432384611e-06
0.0,0.3999999999999997,-0.8,-3.880430265865088e-06,-9.454118976052403e-07,8.401855081634252e-08,3.9948218760361035e-06
0.0,0.3999999999999997,-0.7000000000000001,-9.584661740579313e-07,-1.0944597868941092e-06,1.0490868585842522e-07,1.4585970877216537e-06
0.0,0.3999999999999997,-0.6000000000000001,6.657253047667419e-06,-1.2808478909761123e-06,1.3317015726327638e-07,6.7806580618167595e-06
0.0,0.3999999999999997,-0.5000000000000001,1.845681206369468e-05,-1.5178700028119132e-06,1.7226128747005828e-07,1.8519922107048467e-05
0.0,0.3999999999999997,-0.40000000000000013,2.8662872360272325e-05,-1.8248431152204483e-06,2.2770326712712826e-07,2.8721806230010868e-05
0.0,0.3999999999999997,-0.30000000000000016,3.382885330457126e-05,-2.229163752706966e-06,3.0858491106704933e-07,3.39036238709953e-05
0.0,0.3999999999999997,-0.20000000000000018,3.5551089378252316e-05,-2.764562105996137e-06,4.3034756087198874e-07,3.566101454868527e-05
0.0,0.3999999999999997,-0.1000000000000002,3.592030037169665e-05,-3.454938815363731e-06,6.200119972142424e-07,3.609139781010853e-05
0.0,0.3999999999999997,-2.220446049250313e-16,3.596527108263874e-05,-4.289661427320126e-06,9.258357586412006e-07,3.623201748537758e-05
0.0,0.3999999999999997,0.0,3.5965271082638743e-05,-4.289661427320131e-06,9.258357586412001e-07,3.6232017485377595e-05
0.0,0.3999999999999997,0.09999999999999976,3.5962640125038376e-05,-5.244228953991461e-06,1.4334100511861523e-06,3.637125357283887e-05
0.0,0.3999999999999997,0.19999999999999973,3.5623803948292224e-05,-6.232046811904798e-06,2.282066377491186e-06,3.623674436484891e-05
0.0,0.3999999999999997,0.2999999999999996,3.389917713630571e-05,-6.7539217321534285e-06,3.6279756862227586e-06,3.475531436863303e-05
0.0,0.3999999999999997,0.3999999999999997,2.865930338741521e-05,-5.515528834917728e-06,5.367865945849077e-06,2.967474875703793e-05
0.0,0.3999999999999997,0.4999999999999998,1.8299709584145157e-05,-1.384355393371757e-06,6.588237703256455e-06,1.9498735516792402e-05
0.0,0.3999999999999997,0.5999999999999996,6.37188335886505e-06,3.6904151488975743e-06,6.1341900346863395e-06,9.583754425685127e-06
0.0,0.3999999999999997,0.6999999999999995,-1.251487279898732e-06,6.3406097575391505e-06,4.481722528612685e-06,7.864819726644947e-06
0.0,0.3999999999999997,0.7999999999999996,-4.105089131840509e-06,6.4473449725343806e-06,2.8870896422327784e-06,8.170391702819836e-06
0.0,0.3999999999999997,0.8,-4.105089131840513e-06,6.447344972534378e-06,2.887089642232771e-06,8.170391702819833e-06
0.0,0.4999999999999998,-0.8,-3.921896160931637e-06,-9.564605340622352e-07,1.4569456448720775e-08,4.036867414148022e-06
0.0,0.4999999999999998,-0.7000000000000001,-1.993623158100527e-06,-1.1095165410146055e-06,1.832252607118642e-08,2.281643260078438e-06
0.0,0.4999999999999998,-0.6000000000000001,3.1981478568365474e-06,-1.3019776542502699e-06,2.3458980505973998e-08,3.453092215699085e-06
0.0,0.4999999999999998,-0.5000000000000001,1.1276931867134132e-05,-1.5486098432336995e-06,3.0661901846547755e-08,1.1382808306159356e-05
0.0,0.4999999999999998,-0.40000000000000013,1.8296324419864178e-05,-1.8716027835702432e-06,4.104632944206643e-08,1.839184789675977e-05
0.0,0.4999999999999998,-0.30000000000000016,2.187235115846613e-05,-2.3041083226646697e-06,5.649623737837387e-08,2.1993450211066592e-05
0.0,0.4999999999999998,-0.20000000000000018,2.3063948764074387e-05,-2.890252602832407e-06,8.031285382476427e-08,2.3244477685130237e-05
0.0,0.4999999999999998,-0.1000000000000002,2.331800447408463e-05,-3.6647122664334387e-06,1.1849362357485549e-07,2.360452264689982e-05
0.0,0.4999999999999998,-2.220446049250313e-16,2.336182370954118e-05,-4.613316985490922e-06,1.8226755905410094e-07,2.3813666708581084e-05
0.0,0.4999999999999998,0.0,2.3361823709541184e-05,-4.6133169854909255e-06,1.8226755905410136e-07,2.3813666708581088e-05
0.0,0.4999999999999998,0.09999999999999976,2.3393803580460045e-05,-5.723844608640447e-06,2.928586025100021e-07,2.408564321802662e-05
0.0,0.4999999999999998,0.19999999999999973,2.3213148728949427e-05,-6.978152543214893e-06,4.883244299115045e-07,2.4244243596729333e-05
0.0,0.4999999999999998,0.2999999999999996,2.2074265261925847e-05,-7.874298461929218e-06,8.208954466761786e-07,2.3451047576937384e-05
0.0,0.4999999999999998,0.3999999999999997,1.8472967222444737e-05,-6.747000987168336e-06,1.2874314728938514e-06,1.9708628062850183e-05
0.0,0.4999999999999998,0.4999999999999998,1.1292808977511786e-05,-1.7396662925866488e-06,1.6381775655924107e-06,1.1542859227615282e-05
0.0,0.4999999999999998,0.5999999999999996,3.0190613441288096e-06,4.624173924300051e-06,1.5054367768274117e-06,5.723989497790322e-06
0.0,0.4999999999999998,0.6999999999999995,-2.240127820606023e-06,7.589510945031889e-06,1.0448332205191234e-06,7.981887339227e-06
0.0,0.4999999999999998,0.7999999999999996,-4.131057260973548e-06,7.3589429139982665e-06,6.34608513400692e-07,8.463002001075517e-06
0.0,0.4999999999999998,0.8,-4.131057260973552e-06,7.358942913998262e-06,6.346085134006884e-07,8.463002001075516e-06
0.0,0.5999999999999996,-0.8,-3.994812496974147e-06,-9.518849122966023e-07,-5.571422744729713e-08,4.107032486769343e-06
0.0,0.5999999999999996,-0.7000000000000001,-3.1945306121221305e-06,-1.1033785482859801e-06,-6.947847235613138e-08,3.3804285690906135e-06
0.0,0.5999999999999996,-0.6000000000000001,-7.80723007422839e-07,-1.2935391600597812e-06,-8.807086323446542e-08,1.513449189724713e-06
0.0,0.5999999999999996,-0.5000000000000001,3.0041061070504023e-06,-1.5366295439651006e-06,-1.137486492760413e-07,3.3762142427600826e-06
0.0,0.5999999999999996,-0.40000000000000013,6.3651052357670416e-06,-1.8538449360527578e-06,-1.5011797901977033e-07,6.631277487554147e-06
0.0,0.5999999999999996,-0.30000000000000016,8.140908792163124e-06,-2.2762928744303024e-06,-2.0312924480017297e-07,8.455599724596366e-06
0.0,0.5999999999999996,-0.20000000000000018,8.73922409246219e-06,-2.844276462045749e-06,-2.829438877425666e-07,9.194781322817304e-06
0.0,0.5999999999999996,-0.1000000000000002,8.866425750039076e-06,-3.588430908234492e-06,-4.0751642720211127e-07,9.573735509328018e-06
0.0,0.5999999999999996,-2.220446049250313e-16,8.905903308722659e-06,-4.496551669584113e-06,-6.094684745415531e-07,9.995276008345988e-06
0.0,0.5999999999999996,0.0,8.905903308722663e-06,-4.49655166958411e-06,-6.094684745415535e-07,9.995276008345988e-06
0.0,0.5999999999999996,0.09999999999999976,8.962526589306866e-06,-5.5526053362801865e-06,-9.484204465720392e-07,1.0585736168448356e-05
0.0,0.5999999999999996,0.19999999999999973,8.93804599198299e-06,-6.710983952928675e-06,-1.5268461524408e-06,1.1280834674105132e-05
0.0,0.5999999999999996,0.2999999999999996,8.436159201210705e-06,-7.466028687074195e-06,-2.4750725028847918e-06,1.1534138473198735e-05
0.0,0.5999999999999996,0.3999999999999997,6.6952289095697555e-06,-6.287135177079622e-06,-3.756445731810788e-06,9.922955377429152e-06
0.0,0.5999999999999996,0.4999999999999998,3.227454230785585e-06,-1.6037112868823695e-06,-4.692024387248396e-06,5.916370809374897e-06
0.0,0.5999999999999996,0.5999999999999996,-7.571683829091772e-07,4.274543863712079e-06,-4.340415166516291e-06,6.138748489765689e-06
0.0,0.5999999999999996,0.6999999999999995,-3.299280837384572e-06,7.131987266157313e-06,-3.0960670657230775e-06,8.446071730930196e-06
0.0,0.5999999999999996,0.7999999999999996,-4.1238861098994574e-06,7.03335085325553e-06,-1.948414763093187e-06,8.382766903681114e-06
0.0,0.5999999999999996,0.8,-4.123886109899459e-06,7.0333508532555225e-06,-1.9484147630931827e-06,8.382766903681107e-06
0.0,0.6999999999999995,-0.8,-3.9310452028778e-06,-9.319987845160863e-07,-1.2345893460899347e-07,4.041903045589146e-06
0.0,0.6999999999999995,-0.7000000000000001,-3.911219734842145e-06,-1.0765494704670951e-06,-1.5361517617267962e-07,4.059580791033997e-06
0.0,0.6999999999999995,-0.6000000000000001,-3.3188147609601246e-06,-1.2563933234177666e-06,-1.9416723880233643e-07,3.5539775628610364e-06
0.0,0.6999999999999995,-0.5000000000000001,-2.253929152873452e-06,-1.4835248377956448e-06,-2.4984898784452706e-07,2.709883223915076e-06
0.0,0.6999999999999995,-0.40000000000000013,-1.2597406622068322e-06,-1.7748411133702795e-06,-3.281116876247135e-07,2.2010599249640386e-06
0.0,0.6999999999999995,-0.30000000000000016,-7.285678737121859e-07,-2.1531878218419496e-06,-4.4100698241186026e-07,2.3154947854119622e-06
0.0,0.6999999999999995,-0.20000000000000018,-5.771499784739969e-07,-2.64473317860762e-06,-6.085551906277182e-07,2.7745369169864075e-06
0.0,0.6999999999999995,-0.1000000000000002,-5.648457295573691e-07,-3.2658235364518234e-06,-8.647725212209279e-07,3.425271607172297e-06
0.0,0.6999999999999995,-2.220446049250313e-16,-5.420502216610207e-07,-4.005010350132097e-06,-1.2680125653512749e-06,4.235774098480313e-06
0.0,0.6999999999999995,0.0,-5.420502216610245e-07,-4.005010350132096e-06,-1.268012565351275e-06,4.235774098480312e-06
0.0,0.6999999999999995,0.09999999999999976,-4.657777657876555e-07,-4.8256763029081955e-06,-1.915898837254639e-06,5.212942457206441e-06
0.0,0.6999999999999995,0.19999999999999973,-3.731074306022751e-07,-5.603977305456545e-06,-2.9528829511276536e-06,6.345335965723406e-06
0.0,0.6999999999999995,0.2999999999999996,-4.248264595679103e-07,-5.8706158976428986e-06,-4.506482169755416e-06,7.413028401721527e-06
0.0,0.6999999999999995,0.3999999999999997,-9.042373687898902e-07,-4.614152665358457e-06,-6.38728159764046e-06,7.931293478740217e-06
0.0,0.6999999999999995,0.4999999999999998,-1.953580087133821e-06,-1.1328529232663108e-06,-7.636831496239722e-06,7.96373192696476e-06
0.0,0.6999999999999995,0.5999999999999996,-3.1637717751689753e-06,3.035715657333049e-06,-7.1779824137888835e-06,8.41120995637342e-06
0.0,0.6999999999999995,0.6999999999999995,-3.8867318899031255e-06,5.402512721342024e-06,-5.445304264875655e-06,8.59913757450858e-06
0.0,0.6999999999999995,0.7999999999999996,-3.9692743953091296e-06,5.71168441334136e-06,-3.6635311389607097e-06,7.861293689272654e-06
0.0,0.6999999999999995,0.8,-3.969274395309128e-06,5.7116844133413585e-06,-3.663531138960702e-06,7.861293689272649e-06
0.0,0.7999999999999996,-0.8,-3.675659282760217e-06,-8.983689517430508e-07,-1.8561781753528132e-07,3.7884022899612733e-06
0.0,0.7999999999999996,-0.7000000000000001,-3.989354446972057e-06,-1.0315267851248788e-06,-2.297525143257945e-07,4.126958035871557e-06
0.0,0.7999999999999996,-0.6000000000000001,-4.140466663044468e-06,-1.194721732978255e-06,-2.8851805379954576e-07,4.319035410181472e-06
0.0,0.7999999999999996,-0.5000000000000001,-4.143671478126152e-06,-1.3967462878061947e-06,-3.6821149320146827e-07,4.3882221018155184e-06
0.0,0.7999999999999996,-0.40000000000000013,-4.113808392257885e-06,-1.6489095281473118e-06,-4.784577734039549e-07,4.4577173487287265e-06
0.0,0.7999999999999996,-0.30000000000000016,-4.144242031659967e-06,-1.9645066581061966e-06,-6.342390660475694e-07,4.629933867737378e-06
0.0,0.7999999999999996,-0.20000000000000018,-4.221966663444919e-06,-2.355470769418651e-06,-8.59201734221643e-07,4.910343437369263e-06
0.0,0.7999999999999996,-0.1000000000000002,-4.282024027970603e-06,-2.8238206685035606e-06,-1.1907889152326882e-06,5.265707092559035e-06
0.0,0.7999999999999996,-2.220446049250313e-16,-4.277638203233289e-06,-3.3494801583102886e-06,-1.6870590412667623e-06,5.688881624484303e-06
0.0,0.7999999999999996,0.0,-4.277638203233287e-06,-3.3494801583102903e-06,-1.6870590412667636e-06,5.688881624484303e-06
0.0,0.7999999999999996,0.09999999999999976,-4.194266565363973e-06,-3.873574897980797e-06,-2.4311605349944394e-06,6.205400555847421e-06
0.0,0.7999999999999996,0.19999999999999973,-4.045971757139796e-06,-4.244781618911726e-06,-3.515508357198785e-06,6.837167356541614e-06
0.0,0.7999999999999996,0.2999999999999996,-3.890090307244031e-06,-4.119420261003798e-06,-4.95583743001298e-06,7.52746640763014e-06
0.0,0.7999999999999996,0.3999999999999997,-3.818955858037497e-06,-2.992862567090442e-06,-6.481435492451844e-06,8.096335975856275e-06
0.0,0.7999999999999996,0.4999999999999998,-3.875854342754579e-06,-7.085553966451747e-07,-7.393181902307956e-06,8.377555507245441e-06
0.0,0.7999999999999996,0.5999999999999996,-3.959428830977989e-06,1.8958378681697114e-06,-7.066650198885145e-06,8.319184029901577e-06
0.0,0.7999999999999996,0.6999999999999995,-3.90307387034854e-06,3.6252729091775497e-06,-5.742994647384493e-06,7.833171568611346e-06
0.0,0.7999999999999996,0.7999999999999996,-3.652960040844654e-06,4.169670609835089e-06,-4.19819240234018e-06,6.953782388139358e-06
0.0,0.7999999999999996,0.8,-3.6529600408446523e-06,4.169670609835088e-06,-4.198192402340176e-06,6.953782388139354e-06
0.0,0.8,-0.8,-3.675659282760216e-06,-8.983689517430502e-07,-1.8561781753528132e-07,3.7884022899612724e-06
0.0,0.8,-0.7000000000000001,-3.989354446972057e-06,-1.0315267851248783e-06,-2.2975251432579536e-07,4.126958035871557e-06
0.0,0.8,-0.6000000000000001,-4.140466663044466e-06,-1.1947217329782547e-06,-2.885180537995462e-07,4.31903541018147e-06
0.0,0.8,-0.5000000000000001,-4.143671478126153e-06,-1.3967462878061937e-06,-3.6821149320146827e-07,4.388222101815519e-06
0.0,0.8,-0.40000000000000013,-4.113808392257888e-06,-1.6489095281473092e-06,-4.784577734039549e-07,4.457717348728728e-06
0.0,0.8,-0.30000000000000016,-4.144242031659973e-06,-1.9645066581061974e-06,-6.3423906604757e-07,4.629933867737384e-06
0.0,0.8,-0.20000000000000018,-4.221966663444929e-06,-2.355470769418649e-06,-8.592017342216436e-07,4.910343437369271e-06
0.0,0.8,-0.1000000000000002,-4.282024027970605e-06,-2.823820668503556e-06,-1.190788915232689e-06,5.265707092559033e-06
0.0,0.8,-2.220446049250313e-16,-4.2776382032332925e-06,-3.349480158310287e-06,-1.6870590412667636e-06,5.688881624484305e-06
0.0,0.8,0.0,-4.277638203233296e-06,-3.349480158310286e-06,-1.6870590412667649e-06,5.688881624484308e-06
0.0,0.8,0.09999999999999976,-4.194266565363979e-06,-3.8735748979807874e-06,-2.4311605349944416e-06,6.205400555847421e-06
0.0,0.8,0.19999999999999973,-4.045971757139804e-06,-4.244781618911717e-06,-3.515508357198782e-06,6.837167356541612e-06
0.0,0.8,0.2999999999999996,-3.8900903072440335e-06,-4.119420261003789e-06,-4.955837430012978e-06,7.527466407630136e-06
0.0,0.8,0.3999999999999997,-3.818955858037503e-06,-2.992862567090435e-06,-6.4814354924518395e-06,8.096335975856272e-06
0.0,0.8,0.4999999999999998,-3.875854342754582e-06,-7.08555396645173e-07,-7.393181902307949e-06,8.377555507245436e-06
0.0,0.8,0.5999999999999996,-3.959428830977988e-06,1.895837868169708e-06,-7.06665019888514e-06,8.319184029901572e-06
0.0,0.8,0.6999999999999995,-3.90307387034854e-06,3.6252729091775425e-06,-5.742994647384494e-06,7.833171568611343e-06
0.0,0.8,0.7999999999999996,-3.652960040844652e-06,4.169670609835082e-06,-4.198192402340183e-06,6.953782388139354e-06
0.0,0.8,0.8,-3.652960040844651e-06,4.169670609835083e-06,-4.198192402340178e-06,6.953782388139351e-06
